contrast_id	matrix_sample	score
severity_neuron_modhigh_vs_low_nageotte	A9420793_41	0.0022728893112420323
severity_neuron_modhigh_vs_low_nageotte	A9420795_41	-0.00622441553037878
severity_neuron_modhigh_vs_low_nageotte	A9420872_40	-0.007118423807629268
severity_neuron_modhigh_vs_low_nageotte	A9420873_37	-0.006417709580432571
severity_neuron_modhigh_vs_low_nageotte	A9420874_40	-0.0056947136238678225
severity_neuron_modhigh_vs_low_nageotte	A9420875_37	0.006045205016567856
severity_neuron_modhigh_vs_low_nageotte	A9420876_37	-0.05058971462986203
severity_neuron_modhigh_vs_low_nageotte	A9420903_41	0.006561688316280748
severity_neuron_modhigh_vs_low_nageotte	A9420980_37	0.007035012114555428
severity_neuron_modhigh_vs_low_nageotte	A9421023_41	-0.0018521025698898519
severity_neuron_modhigh_vs_low_nageotte	A9421024_41	-0.010921451676172117
severity_neuron_modhigh_vs_low_nageotte	A9421026_41	0.009027253324702778
severity_neuron_modhigh_vs_low_nageotte	A9421103_37	0.011945495644329993
severity_neuron_modhigh_vs_low_nageotte	A9421104_37	-0.014787781867125968
severity_neuron_modhigh_vs_low_nageotte	A9421105_37	-0.034528889465381046
severity_neuron_modhigh_vs_low_nageotte	A9421107_40	-0.017639982761812806
severity_neuron_modhigh_vs_low_nageotte	A9422976_41	0.014532516817000019
severity_neuron_modhigh_vs_low_nageotte	A9422977_41	-0.0285522948575634
severity_neuron_modhigh_vs_low_nageotte	A9422978_41	-0.012256707771554479
severity_neuron_modhigh_vs_low_nageotte	A9423055_40	0.01666037991982859
severity_neuron_modhigh_vs_low_nageotte	A9423057_40	0.004700879108553449
severity_neuron_modhigh_vs_low_nageotte	A9423058_37	0.00097557638038058
severity_neuron_modhigh_vs_low_nageotte	A9423059_37	-0.001468312827146448
severity_neuron_modhigh_vs_low_nageotte	A9423161_40	-0.03676270977023918
severity_neuron_modhigh_vs_low_nageotte	A9423185_41	-0.011665247991232447
severity_neuron_modhigh_vs_low_nageotte	A9423186_41	0.01211238401965152
severity_neuron_modhigh_vs_low_nageotte	A9423187_41	0.014158859651024175
severity_neuron_modhigh_vs_low_nageotte	A9423188_41	-0.009041897870430943
severity_neuron_modhigh_vs_low_nageotte	A9423189_41	-0.01948100658902295
severity_neuron_modhigh_vs_low_nageotte	A9423265_37	-0.019571073938068298
severity_neuron_modhigh_vs_low_nageotte	A9423266_37	0.005832663658126666
severity_neuron_modhigh_vs_low_nageotte	A9423267_37	-0.010994219480596618
severity_neuron_modhigh_vs_low_nageotte	A9423268_37	0.014452797082429539
severity_neuron_modhigh_vs_low_nageotte	A9423269_37	0.01874306694538612
severity_neuron_modhigh_vs_low_nageotte	A9423396_38	-0.02181247217173138
severity_neuron_modhigh_vs_low_nageotte	A9423398_41	0.0008671505454713457
severity_neuron_modhigh_vs_low_nageotte	A9423475_37	-0.013431051628431792
severity_neuron_modhigh_vs_low_nageotte	A9423476_37	-0.023868214494703638
severity_neuron_modhigh_vs_low_nageotte	A9423477_40	0.003642938507664298
severity_neuron_modhigh_vs_low_nageotte	A9423478_37	-0.02724923134054738
severity_neuron_modhigh_vs_low_nageotte	A9423609_41	0.010031469860525236
severity_neuron_modhigh_vs_low_nageotte	A9423611_38	1.764933929143675e-05
severity_neuron_modhigh_vs_low_nageotte	A9423612_41	-0.0019325868829751236
severity_neuron_modhigh_vs_low_nageotte	A9423613_38	0.003907478850898136
severity_neuron_modhigh_vs_low_nageotte	A9423690_37	0.008964636255785627
severity_neuron_modhigh_vs_low_nageotte	A9423691_37	0.008082014464066964
severity_neuron_modhigh_vs_low_nageotte	A9423693_37	-0.003984298921451163
severity_neuron_modhigh_vs_low_nageotte	A9426532_41	-0.010007929443777125
severity_neuron_modhigh_vs_low_nageotte	A9426534_41	0.00447623638366898
severity_neuron_modhigh_vs_low_nageotte	A9426535_41	0.008124407475544104
severity_neuron_modhigh_vs_low_nageotte	A9426536_41	-0.01592440046435914
severity_neuron_modhigh_vs_low_nageotte	A9426541_38	-0.009464800582822896
severity_neuron_modhigh_vs_low_nageotte	A9426542_38	-0.005117309663817529
severity_neuron_modhigh_vs_low_nageotte	A9426543_38	0.007486871326749758
severity_neuron_modhigh_vs_low_nageotte	A9426544_38	-0.004045866606356724
severity_neuron_modhigh_vs_low_nageotte	A9426545_38	-0.01907324922128631
severity_neuron_modhigh_vs_low_nageotte	AA009120_38	-0.01986510311889543
severity_neuron_modhigh_vs_low_nageotte	AA009121_38	0.0017515547608526055
severity_neuron_modhigh_vs_low_nageotte	AA009122_38	-0.034547427627195954
severity_neuron_modhigh_vs_low_nageotte	AA009123_41	-0.0041256589758860845
severity_neuron_modhigh_vs_low_nageotte	AA009124_41	-0.01483710865000934
severity_neuron_modhigh_vs_low_nageotte	AA009200_38	-0.007259686378303584
severity_neuron_modhigh_vs_low_nageotte	AA009201_38	-0.010953334600239978
severity_neuron_modhigh_vs_low_nageotte	AA009202_41	-0.007277393060983586
severity_neuron_modhigh_vs_low_nageotte	AA009203_38	-0.03810477348157293
severity_neuron_modhigh_vs_low_nageotte	AA009204_38	0.006245860046273047
severity_neuron_modhigh_vs_low_nageotte	AA009242_38	-0.003466061869769846
severity_neuron_modhigh_vs_low_nageotte	AA009243_41	0.020798175623914242
severity_neuron_modhigh_vs_low_nageotte	AA009323_41	0.012052371296300449
severity_neuron_modhigh_vs_low_nageotte	AA009930_41	0.0002854563442297453
severity_neuron_modhigh_vs_low_nageotte	AA010009_38	-0.03796501521912651
severity_neuron_modhigh_vs_low_nageotte	AA010160_38	-0.06095896858817103
severity_neuron_modhigh_vs_low_nageotte	AA010243_38	-0.0010089645683994258
severity_neuron_modhigh_vs_low_nageotte	AA010244_38	-0.03735849610923202
severity_neuron_modhigh_vs_low_nageotte	AA010284_41	0.0029535390867637124
severity_neuron_modhigh_vs_low_nageotte	AA010285_41	-0.01181411333951339
severity_neuron_modhigh_vs_low_nageotte	AA010286_41	0.013315255256639763
severity_neuron_modhigh_vs_low_nageotte	AA010363_38	0.010744051301995017
severity_neuron_modhigh_vs_low_nageotte	AA010365_38	0.0013367842966888616
severity_neuron_modhigh_vs_low_nageotte	AA010366_38	0.011681324210229563
severity_neuron_modhigh_vs_low_nageotte	AA015142_41	0.011896311264195034
severity_neuron_modhigh_vs_low_nageotte	AA015143_38	0.025711445086652185
severity_neuron_modhigh_vs_low_nageotte	AA015146_38	-0.00016234773466662633
severity_neuron_modhigh_vs_low_nageotte	AA015222_41	-0.01472158943792888
severity_neuron_modhigh_vs_low_nageotte	AA015223_38	0.007512610862451058
severity_neuron_modhigh_vs_low_nageotte	AA015224_41	-0.03800178666707346
severity_neuron_modhigh_vs_low_nageotte	AA015225_38	-0.014234633204735031
severity_neuron_modhigh_vs_low_nageotte	AA015226_38	-0.00694998429364585
severity_neuron_modhigh_vs_low_nageotte	AA020219_38	-0.031718894260435254
severity_neuron_modhigh_vs_low_nageotte	AA020221_41	0.02237102735994516
severity_neuron_modhigh_vs_low_nageotte	AA020222_41	-0.013671309913758242
severity_neuron_modhigh_vs_low_nageotte	AA020298_38	-0.005457907410535812
severity_neuron_modhigh_vs_low_nageotte	AA020300_38	-0.0055315907977318
severity_neuron_modhigh_vs_low_nageotte	AA020301_38	-0.014946745386141366
severity_neuron_modhigh_vs_low_nageotte	AA020302_38	0.007205006590093377
severity_neuron_modhigh_vs_low_nageotte	AA020339_41	-0.02757009818296771
severity_neuron_modhigh_vs_low_nageotte	AA020418_41	-0.010644594928787735
severity_neuron_modhigh_vs_low_nageotte	AA020583_38	-0.022622970316424282
severity_neuron_modhigh_vs_low_nageotte	AA020584_41	0.002055327539127974
severity_neuron_modhigh_vs_low_nageotte	AA020585_41	-0.010889587866567144
severity_neuron_modhigh_vs_low_nageotte	AA020661_38	0.014989717565843483
severity_neuron_modhigh_vs_low_nageotte	AA020662_38	-0.040164908308112715
severity_neuron_modhigh_vs_low_nageotte	AA020664_38	-0.024679918762003636
severity_neuron_modhigh_vs_low_nageotte	AA020665_44	-0.016198101413923555
severity_neuron_modhigh_vs_low_nageotte	AA029458_41	0.004371164181270398
severity_neuron_modhigh_vs_low_nageotte	AA029461_38	0.00021394818290842998
severity_neuron_modhigh_vs_low_nageotte	AA029479_41	7.959071194607592e-05
severity_neuron_modhigh_vs_low_nageotte	AA029481_38	-0.0010604226138928724
severity_neuron_modhigh_vs_low_nageotte	AA044985_41	-0.03190760944090848
severity_neuron_modhigh_vs_low_nageotte	AA044986_41	-0.012458709415168925
severity_neuron_modhigh_vs_low_nageotte	AA044987_38	-0.0017037657365072123
severity_neuron_modhigh_vs_low_nageotte	AA056589_39	0.0030438797726281275
severity_neuron_modhigh_vs_low_nageotte	AA056590_42	0.001288950353355689
severity_neuron_modhigh_vs_low_nageotte	AA057010_39	0.003734935461736394
severity_neuron_modhigh_vs_low_nageotte	AA057011_39	-0.018107385855213362
severity_neuron_modhigh_vs_low_nageotte	AA109619_17	0.012353468049773914
severity_neuron_modhigh_vs_low_nageotte	AA109620_20	0.017002084393947084
severity_neuron_modhigh_vs_low_nageotte	AA109621_20	0.01424975943492754
severity_neuron_modhigh_vs_low_nageotte	AA109622_20	-0.005711606986152695
severity_neuron_modhigh_vs_low_nageotte	AA115793_20	-0.02761639341203978
severity_neuron_modhigh_vs_low_nageotte	AA115795_17	-0.011386369889399534
severity_neuron_modhigh_vs_low_nageotte	AA115826_20	-0.01930332332079543
severity_neuron_modhigh_vs_low_nageotte	AA115827_20	-0.0117341986374217
severity_neuron_modhigh_vs_low_nageotte	AA125499_20	-0.011525269912463013
severity_neuron_modhigh_vs_low_nageotte	AA125503_17	-0.004667332270492763
severity_neuron_modhigh_vs_low_nageotte	AA125504_17	-0.02043245860581476
severity_neuron_modhigh_vs_low_nageotte	AA144829_17	0.004326771796977033
severity_neuron_modhigh_vs_low_nageotte	AA144830_20	-0.010354088543467643
severity_neuron_modhigh_vs_low_nageotte	AA144832_17	-0.005567245961047088
severity_neuron_modhigh_vs_low_nageotte	AA144919_20	-8.393829652594831e-05
severity_neuron_modhigh_vs_low_nageotte	AA144920_20	-0.016148409544799402
severity_neuron_modhigh_vs_low_nageotte	AA144922_20	-0.004524741244648939
severity_neuron_modhigh_vs_low_nageotte	AA144923_17	0.0041496361581106755
severity_neuron_modhigh_vs_low_nageotte	AA191419_17	0.007384114841527942
severity_neuron_modhigh_vs_low_nageotte	AA191420_17	0.008418624933830526
severity_neuron_modhigh_vs_low_nageotte	AA191441_20	0.015259105336861215
severity_neuron_modhigh_vs_low_nageotte	AA191442_20	-0.00593760588217776
severity_neuron_modhigh_vs_low_nageotte	AA191443_17	-0.0013328543631227346
severity_neuron_modhigh_vs_low_nageotte	AA191444_17	-0.015943211007269892
severity_neuron_modhigh_vs_low_nageotte	AA233470_17	-0.001775547234647526
severity_neuron_modhigh_vs_low_nageotte	AA233471_20	0.003057565728043346
severity_neuron_modhigh_vs_low_nageotte	AA233472_17	-0.004881076884371616
severity_neuron_modhigh_vs_low_nageotte	AA244928_20	-0.02358679894792466
severity_neuron_modhigh_vs_low_nageotte	AA244929_17	-0.024507164158027214
severity_neuron_modhigh_vs_low_nageotte	AA244931_17	-0.014912823904608408
severity_neuron_modhigh_vs_low_nageotte	AA278922_20	-0.011599939605943119
severity_neuron_modhigh_vs_low_nageotte	AA286956_20	-0.02130951139877614
severity_neuron_modhigh_vs_low_nageotte	AA286958_20	-0.021966863511228216
severity_neuron_modhigh_vs_low_nageotte	AA287626_17	0.0036643390602939946
severity_neuron_modhigh_vs_low_nageotte	AA308458_20	-0.014077846823040571
severity_neuron_modhigh_vs_low_nageotte	AA308521_20	-0.01994704586549774
severity_neuron_modhigh_vs_low_nageotte	AA308522_17	0.009142269826409713
severity_neuron_modhigh_vs_low_nageotte	AA308523_17	-0.028120312775307993
severity_neuron_modhigh_vs_low_nageotte	AA309511_20	-0.02642040624885432
severity_neuron_modhigh_vs_low_nageotte	AA316138_20	-0.019020821116802242
severity_neuron_modhigh_vs_low_nageotte	AA316176_20	-0.007615079675006714
severity_neuron_modhigh_vs_low_nageotte	AA316218_17	0.01559984835349737
severity_neuron_modhigh_vs_low_nageotte	AA316336_17	-0.007409413788860009
severity_neuron_modhigh_vs_low_nageotte	AA316338_20	-0.032566942767437046
severity_neuron_modhigh_vs_low_nageotte	AA316340_20	-0.03417032507928777
severity_neuron_modhigh_vs_low_nageotte	AA317014_20	-0.01248727502420556
severity_neuron_modhigh_vs_low_nageotte	AA317015_17	-0.0037366595862873553
severity_neuron_modhigh_vs_low_nageotte	AA322605_17	-0.005568210285698927
severity_neuron_modhigh_vs_low_nageotte	AA322607_20	-0.028107988725372304
severity_neuron_modhigh_vs_low_nageotte	AA322608_17	0.0005414047364033503
severity_neuron_modhigh_vs_low_nageotte	AA334336_17	-0.015562354378853921
severity_neuron_modhigh_vs_low_nageotte	AA334456_17	0.006211151048869837
severity_neuron_modhigh_vs_low_nageotte	AA340667_17	0.011768695464287049
severity_neuron_modhigh_vs_low_nageotte	AA340686_20	-0.022102248384569867
severity_neuron_modhigh_vs_low_nageotte	AA442571_17	-0.006874517527064097
severity_neuron_modhigh_vs_low_nageotte	AA442597_17	0.020729707617912443
severity_neuron_modhigh_vs_low_nageotte	AA453435_17	0.0058480355091670155
severity_neuron_modhigh_vs_low_nageotte	AA466255_20	-0.02549624681787202
severity_neuron_modhigh_vs_low_nageotte	AA466258_17	-0.006960978932688919
severity_neuron_modhigh_vs_low_nageotte	AA466261_17	-0.02154956993796553
severity_neuron_modhigh_vs_low_nageotte	AA468716_17	0.008247222678102156
severity_neuron_modhigh_vs_low_nageotte	AA468717_17	-0.02802240371787007
severity_neuron_modhigh_vs_low_nageotte	AA468719_20	-0.031235145434111045
severity_neuron_modhigh_vs_low_nageotte	AA468720_17	-0.002073700360839009
severity_neuron_modhigh_vs_low_nageotte	AA468801_20	-0.009036277262623862
severity_neuron_modhigh_vs_low_nageotte	AA468804_20	-0.015199919314029364
severity_neuron_modhigh_vs_low_nageotte	AA468805_17	-0.00812177923689944
severity_neuron_modhigh_vs_low_nageotte	AA505072_17	0.011954111488468852
severity_neuron_modhigh_vs_low_nageotte	AA519070_20	0.028055793817335237
severity_neuron_modhigh_vs_low_nageotte	AA519071_20	0.0018057509531522742
severity_neuron_modhigh_vs_low_nageotte	AA566066_17	0.024243142772460327
severity_neuron_modhigh_vs_low_nageotte	AA566067_20	0.013016581261335106
severity_neuron_modhigh_vs_low_nageotte	AA615837_17	0.01613223966493417
severity_neuron_modhigh_vs_low_nageotte	AA615852_20	-0.023321545635225788
severity_neuron_modhigh_vs_low_nageotte	AA615853_20	-0.0010872535854240528
severity_neuron_modhigh_vs_low_nageotte	AA615854_20	-0.011465123387871895
severity_neuron_modhigh_vs_low_nageotte	AA615855_17	-0.004685114455301065
severity_neuron_modhigh_vs_low_nageotte	AA615856_20	0.03433905417738366
severity_neuron_modhigh_vs_low_nageotte	AA628800_20	0.003069020069918424
severity_neuron_modhigh_vs_low_nageotte	AA631918_17	0.01770167946934273
severity_neuron_modhigh_vs_low_nageotte	AA712136_13	0.013406640547900014
severity_neuron_modhigh_vs_low_nageotte	AA718553_17	0.004672757910778508
severity_neuron_modhigh_vs_low_nageotte	AA718554_17	-0.008071397335665614
severity_neuron_modhigh_vs_low_nageotte	AA718842_17	-0.0053849408156975
severity_neuron_modhigh_vs_low_nageotte	AA718843_17	0.00409143070722405
severity_neuron_modhigh_vs_low_nageotte	AA776534_20	-0.013258687915221085
severity_neuron_modhigh_vs_low_nageotte	AA776535_17	-0.012634292959650156
severity_neuron_modhigh_vs_low_nageotte	AA811764_17	0.0002988259552844652
severity_neuron_modhigh_vs_low_nageotte	AA811765_20	0.005791334366508291
severity_neuron_modhigh_vs_low_nageotte	AA811766_17	0.0001846304197578169
late_neuron_DPN_vs_diabetes	A9420793_41	-0.00941332166936587
late_neuron_DPN_vs_diabetes	A9420795_41	-0.004591823183390922
late_neuron_DPN_vs_diabetes	A9420872_40	-0.011913941118170755
late_neuron_DPN_vs_diabetes	A9420873_37	-0.00743319931486789
late_neuron_DPN_vs_diabetes	A9420874_40	-0.003328516109731755
late_neuron_DPN_vs_diabetes	A9420875_37	-0.00817509017308013
late_neuron_DPN_vs_diabetes	A9420876_37	-0.0012835875787229056
late_neuron_DPN_vs_diabetes	A9420903_41	-0.006354562627570705
late_neuron_DPN_vs_diabetes	A9420980_37	-0.010669260026540804
late_neuron_DPN_vs_diabetes	A9421023_41	0.002997078192107719
late_neuron_DPN_vs_diabetes	A9421024_41	0.0013408009012699368
late_neuron_DPN_vs_diabetes	A9421026_41	-0.009292283755991518
late_neuron_DPN_vs_diabetes	A9421103_37	-0.005363492306751337
late_neuron_DPN_vs_diabetes	A9421104_37	0.0015587743377346308
late_neuron_DPN_vs_diabetes	A9421105_37	0.002272347761257107
late_neuron_DPN_vs_diabetes	A9421107_40	0.002965390296629719
late_neuron_DPN_vs_diabetes	A9422976_41	0.001417912067937746
late_neuron_DPN_vs_diabetes	A9422977_41	0.0016028197145825929
late_neuron_DPN_vs_diabetes	A9422978_41	8.4249971638993e-05
late_neuron_DPN_vs_diabetes	A9423055_40	-0.004295674058458293
late_neuron_DPN_vs_diabetes	A9423057_40	-0.0059282048494364095
late_neuron_DPN_vs_diabetes	A9423058_37	-0.004804280843191129
late_neuron_DPN_vs_diabetes	A9423059_37	-0.006962789336027932
late_neuron_DPN_vs_diabetes	A9423161_40	0.009749474347743668
late_neuron_DPN_vs_diabetes	A9423185_41	-0.0003754827695598567
late_neuron_DPN_vs_diabetes	A9423186_41	-0.007055622145908401
late_neuron_DPN_vs_diabetes	A9423187_41	-0.006905054775735588
late_neuron_DPN_vs_diabetes	A9423188_41	-0.005811616091277942
late_neuron_DPN_vs_diabetes	A9423189_41	-0.00782992370360195
late_neuron_DPN_vs_diabetes	A9423265_37	0.0038053893316312842
late_neuron_DPN_vs_diabetes	A9423266_37	-0.010182389853120984
late_neuron_DPN_vs_diabetes	A9423267_37	-0.00998437462567204
late_neuron_DPN_vs_diabetes	A9423268_37	-0.004504135037298886
late_neuron_DPN_vs_diabetes	A9423269_37	-0.00036663537560475967
late_neuron_DPN_vs_diabetes	A9423396_38	0.0023143029380024924
late_neuron_DPN_vs_diabetes	A9423398_41	-0.008916570025094377
late_neuron_DPN_vs_diabetes	A9423475_37	-0.009393645338164044
late_neuron_DPN_vs_diabetes	A9423476_37	-0.000630040481853382
late_neuron_DPN_vs_diabetes	A9423477_40	-0.00613375414069061
late_neuron_DPN_vs_diabetes	A9423478_37	0.005615782923554372
late_neuron_DPN_vs_diabetes	A9423609_41	-0.002611435223355038
late_neuron_DPN_vs_diabetes	A9423611_38	-0.005445558643928559
late_neuron_DPN_vs_diabetes	A9423612_41	-0.01005071354560317
late_neuron_DPN_vs_diabetes	A9423613_38	-0.010754731993618996
late_neuron_DPN_vs_diabetes	A9423690_37	-0.006681823819374454
late_neuron_DPN_vs_diabetes	A9423691_37	-0.01583802882981191
late_neuron_DPN_vs_diabetes	A9423693_37	-0.009257432215104631
late_neuron_DPN_vs_diabetes	A9426532_41	0.0010188791156548957
late_neuron_DPN_vs_diabetes	A9426534_41	-0.010360665235000323
late_neuron_DPN_vs_diabetes	A9426535_41	-0.006387774867874896
late_neuron_DPN_vs_diabetes	A9426536_41	-0.004112008353913552
late_neuron_DPN_vs_diabetes	A9426541_38	-0.0002453822482570353
late_neuron_DPN_vs_diabetes	A9426542_38	-0.00839029574788211
late_neuron_DPN_vs_diabetes	A9426543_38	-0.0021779223679735185
late_neuron_DPN_vs_diabetes	A9426544_38	-0.009294039587067163
late_neuron_DPN_vs_diabetes	A9426545_38	-0.0015007059333274758
late_neuron_DPN_vs_diabetes	AA009120_38	0.006482683705230433
late_neuron_DPN_vs_diabetes	AA009121_38	-0.009122051602683763
late_neuron_DPN_vs_diabetes	AA009122_38	0.0013661342104993035
late_neuron_DPN_vs_diabetes	AA009123_41	0.0018534332371295328
late_neuron_DPN_vs_diabetes	AA009124_41	-0.0026933267647929054
late_neuron_DPN_vs_diabetes	AA009200_38	0.002267603605424051
late_neuron_DPN_vs_diabetes	AA009201_38	-0.0018234103629286708
late_neuron_DPN_vs_diabetes	AA009202_41	-0.004005781886118047
late_neuron_DPN_vs_diabetes	AA009203_38	-0.0014664963599758385
late_neuron_DPN_vs_diabetes	AA009204_38	-0.007396141568297598
late_neuron_DPN_vs_diabetes	AA009242_38	-0.005367567724530474
late_neuron_DPN_vs_diabetes	AA009243_41	-0.012934877364464067
late_neuron_DPN_vs_diabetes	AA009323_41	-0.007974754834015545
late_neuron_DPN_vs_diabetes	AA009930_41	-0.008806497526120637
late_neuron_DPN_vs_diabetes	AA010009_38	-0.007152160310516173
late_neuron_DPN_vs_diabetes	AA010160_38	0.012170055719842546
late_neuron_DPN_vs_diabetes	AA010243_38	-0.006990994439521829
late_neuron_DPN_vs_diabetes	AA010244_38	0.003550290959843605
late_neuron_DPN_vs_diabetes	AA010284_41	-0.0021952449931833817
late_neuron_DPN_vs_diabetes	AA010285_41	-0.0030543943974322696
late_neuron_DPN_vs_diabetes	AA010286_41	-0.006189313465115247
late_neuron_DPN_vs_diabetes	AA010363_38	-0.010537693425658232
late_neuron_DPN_vs_diabetes	AA010365_38	-0.0038856914391387845
late_neuron_DPN_vs_diabetes	AA010366_38	-0.005157708904687051
late_neuron_DPN_vs_diabetes	AA015142_41	-0.0024545757314771224
late_neuron_DPN_vs_diabetes	AA015143_38	-0.010303014660648833
late_neuron_DPN_vs_diabetes	AA015146_38	-0.00854139957825198
late_neuron_DPN_vs_diabetes	AA015222_41	-9.684786276462076e-05
late_neuron_DPN_vs_diabetes	AA015223_38	-0.007079538192386131
late_neuron_DPN_vs_diabetes	AA015224_41	-0.0017638065905405398
late_neuron_DPN_vs_diabetes	AA015225_38	-0.00332713821538988
late_neuron_DPN_vs_diabetes	AA015226_38	-0.0010032283355798574
late_neuron_DPN_vs_diabetes	AA020219_38	-0.0013521253555675988
late_neuron_DPN_vs_diabetes	AA020221_41	-0.007725296643067245
late_neuron_DPN_vs_diabetes	AA020222_41	-0.002862034573274469
late_neuron_DPN_vs_diabetes	AA020298_38	-0.0023599408982535666
late_neuron_DPN_vs_diabetes	AA020300_38	0.0008355451555764962
late_neuron_DPN_vs_diabetes	AA020301_38	-0.005462695975156452
late_neuron_DPN_vs_diabetes	AA020302_38	-0.008452334587642364
late_neuron_DPN_vs_diabetes	AA020339_41	-0.0006528374156694605
late_neuron_DPN_vs_diabetes	AA020418_41	-0.008102003507714811
late_neuron_DPN_vs_diabetes	AA020583_38	-0.003378064665353106
late_neuron_DPN_vs_diabetes	AA020584_41	0.0028510402887067174
late_neuron_DPN_vs_diabetes	AA020585_41	-0.0035773076622746466
late_neuron_DPN_vs_diabetes	AA020661_38	-0.014541703733336735
late_neuron_DPN_vs_diabetes	AA020662_38	0.0036931578690658773
late_neuron_DPN_vs_diabetes	AA020664_38	0.0070816908570322246
late_neuron_DPN_vs_diabetes	AA020665_44	-0.0015081502371584524
late_neuron_DPN_vs_diabetes	AA029458_41	-0.0021391413348796837
late_neuron_DPN_vs_diabetes	AA029461_38	-0.003126479530453072
late_neuron_DPN_vs_diabetes	AA029479_41	-0.007933708280167616
late_neuron_DPN_vs_diabetes	AA029481_38	-0.004758454964397425
late_neuron_DPN_vs_diabetes	AA044985_41	0.00118427367877047
late_neuron_DPN_vs_diabetes	AA044986_41	0.0017873137304688438
late_neuron_DPN_vs_diabetes	AA044987_38	-0.00792554169724543
late_neuron_DPN_vs_diabetes	AA056589_39	-0.002873218351121247
late_neuron_DPN_vs_diabetes	AA056590_42	-0.011019630474878146
late_neuron_DPN_vs_diabetes	AA057010_39	-0.01048438072515099
late_neuron_DPN_vs_diabetes	AA057011_39	-0.004073961672889918
late_neuron_DPN_vs_diabetes	AA109619_17	-0.0120597034427034
late_neuron_DPN_vs_diabetes	AA109620_20	-0.015635618513096534
late_neuron_DPN_vs_diabetes	AA109621_20	-0.005532059963694137
late_neuron_DPN_vs_diabetes	AA109622_20	-0.00769286599692498
late_neuron_DPN_vs_diabetes	AA115793_20	-0.0038094925697533186
late_neuron_DPN_vs_diabetes	AA115795_17	0.0019594240193785833
late_neuron_DPN_vs_diabetes	AA115826_20	-0.0005130632887185224
late_neuron_DPN_vs_diabetes	AA115827_20	-0.009648698567508496
late_neuron_DPN_vs_diabetes	AA125499_20	-0.0036244935883977952
late_neuron_DPN_vs_diabetes	AA125503_17	-0.007946485166329655
late_neuron_DPN_vs_diabetes	AA125504_17	-0.0077942113068214525
late_neuron_DPN_vs_diabetes	AA144829_17	-0.009415473284187709
late_neuron_DPN_vs_diabetes	AA144830_20	-0.010252244109588297
late_neuron_DPN_vs_diabetes	AA144832_17	-0.004183801110877836
late_neuron_DPN_vs_diabetes	AA144919_20	-0.011582729962586996
late_neuron_DPN_vs_diabetes	AA144920_20	-0.0041131836321731535
late_neuron_DPN_vs_diabetes	AA144922_20	0.0014593838006111692
late_neuron_DPN_vs_diabetes	AA144923_17	-0.01091131065750725
late_neuron_DPN_vs_diabetes	AA191419_17	-0.003649079947665855
late_neuron_DPN_vs_diabetes	AA191420_17	-0.009006971441987567
late_neuron_DPN_vs_diabetes	AA191441_20	-0.003774314008609274
late_neuron_DPN_vs_diabetes	AA191442_20	-0.006340823577473946
late_neuron_DPN_vs_diabetes	AA191443_17	-0.004266081087292067
late_neuron_DPN_vs_diabetes	AA191444_17	-0.005277236645862729
late_neuron_DPN_vs_diabetes	AA233470_17	-0.002996778467281344
late_neuron_DPN_vs_diabetes	AA233471_20	-0.011237926732302929
late_neuron_DPN_vs_diabetes	AA233472_17	-0.009380531458414394
late_neuron_DPN_vs_diabetes	AA244928_20	-0.002165960145437594
late_neuron_DPN_vs_diabetes	AA244929_17	0.0014698048811326858
late_neuron_DPN_vs_diabetes	AA244931_17	-0.006284954554892468
late_neuron_DPN_vs_diabetes	AA278922_20	0.0059665328833618525
late_neuron_DPN_vs_diabetes	AA286956_20	-0.0041397924778790104
late_neuron_DPN_vs_diabetes	AA286958_20	-0.004918322202781558
late_neuron_DPN_vs_diabetes	AA287626_17	-0.004531321286347971
late_neuron_DPN_vs_diabetes	AA308458_20	-0.003914409381783897
late_neuron_DPN_vs_diabetes	AA308521_20	-0.0013016230346056396
late_neuron_DPN_vs_diabetes	AA308522_17	-0.011294254528086259
late_neuron_DPN_vs_diabetes	AA308523_17	-0.00244109703779697
late_neuron_DPN_vs_diabetes	AA309511_20	0.0019445123155828817
late_neuron_DPN_vs_diabetes	AA316138_20	-0.003120975826767569
late_neuron_DPN_vs_diabetes	AA316176_20	-0.0010004258297165447
late_neuron_DPN_vs_diabetes	AA316218_17	-0.0027423929261665494
late_neuron_DPN_vs_diabetes	AA316336_17	-0.00275845628717597
late_neuron_DPN_vs_diabetes	AA316338_20	-0.00024488515646968467
late_neuron_DPN_vs_diabetes	AA316340_20	-8.308204214921983e-05
late_neuron_DPN_vs_diabetes	AA317014_20	-0.0010656561352286181
late_neuron_DPN_vs_diabetes	AA317015_17	-0.004748947755894607
late_neuron_DPN_vs_diabetes	AA322605_17	-0.01146196080422332
late_neuron_DPN_vs_diabetes	AA322607_20	0.004045593321723551
late_neuron_DPN_vs_diabetes	AA322608_17	-0.008108515567602503
late_neuron_DPN_vs_diabetes	AA334336_17	-0.0032289198070532196
late_neuron_DPN_vs_diabetes	AA334456_17	-0.009180428655423518
late_neuron_DPN_vs_diabetes	AA340667_17	-0.011673328221529056
late_neuron_DPN_vs_diabetes	AA340686_20	-0.005463686484346204
late_neuron_DPN_vs_diabetes	AA442571_17	-0.0034988737170386433
late_neuron_DPN_vs_diabetes	AA442597_17	-0.008537335183627592
late_neuron_DPN_vs_diabetes	AA453435_17	-0.008049275034408512
late_neuron_DPN_vs_diabetes	AA466255_20	-0.0008953347468587253
late_neuron_DPN_vs_diabetes	AA466258_17	-0.001834974702069829
late_neuron_DPN_vs_diabetes	AA466261_17	0.003337742490244891
late_neuron_DPN_vs_diabetes	AA468716_17	-0.002746358112398359
late_neuron_DPN_vs_diabetes	AA468717_17	-0.004252531530474335
late_neuron_DPN_vs_diabetes	AA468719_20	0.001564170434433458
late_neuron_DPN_vs_diabetes	AA468720_17	-0.011379942758962085
late_neuron_DPN_vs_diabetes	AA468801_20	-0.00806588062964847
late_neuron_DPN_vs_diabetes	AA468804_20	-0.007859317208158668
late_neuron_DPN_vs_diabetes	AA468805_17	-0.002473260503664948
late_neuron_DPN_vs_diabetes	AA505072_17	0.0012380152324881072
late_neuron_DPN_vs_diabetes	AA519070_20	-0.00797463200457707
late_neuron_DPN_vs_diabetes	AA519071_20	-0.0041712462625468905
late_neuron_DPN_vs_diabetes	AA566066_17	-0.014799842396182726
late_neuron_DPN_vs_diabetes	AA566067_20	-0.006854238032407624
late_neuron_DPN_vs_diabetes	AA615837_17	-0.00674752182159459
late_neuron_DPN_vs_diabetes	AA615852_20	0.0001180138945920603
late_neuron_DPN_vs_diabetes	AA615853_20	-0.006304470262982441
late_neuron_DPN_vs_diabetes	AA615854_20	-0.008599309459195834
late_neuron_DPN_vs_diabetes	AA615855_17	-0.010680515192437304
late_neuron_DPN_vs_diabetes	AA615856_20	-0.013559490254890838
late_neuron_DPN_vs_diabetes	AA628800_20	-0.0036401879361796785
late_neuron_DPN_vs_diabetes	AA631918_17	-0.0069007951137987494
late_neuron_DPN_vs_diabetes	AA712136_13	-0.009514284318319403
late_neuron_DPN_vs_diabetes	AA718553_17	-0.0003053177651114389
late_neuron_DPN_vs_diabetes	AA718554_17	-0.005673919566538482
late_neuron_DPN_vs_diabetes	AA718842_17	-0.00647055823502201
late_neuron_DPN_vs_diabetes	AA718843_17	-0.010878853765758471
late_neuron_DPN_vs_diabetes	AA776534_20	-0.007104548155743275
late_neuron_DPN_vs_diabetes	AA776535_17	-0.0068729553491475165
late_neuron_DPN_vs_diabetes	AA811764_17	-0.0021745729036704922
late_neuron_DPN_vs_diabetes	AA811765_20	-0.0012793357904680239
late_neuron_DPN_vs_diabetes	AA811766_17	-0.0035278546406610004
late_allcell_DPN_vs_diabetes	A9420793_41	-0.009100243725698086
late_allcell_DPN_vs_diabetes	A9420795_41	0.0028686566345268276
late_allcell_DPN_vs_diabetes	A9420872_40	-0.00820248514647655
late_allcell_DPN_vs_diabetes	A9420873_37	-0.011619483874739087
late_allcell_DPN_vs_diabetes	A9420874_40	-0.009437404601358675
late_allcell_DPN_vs_diabetes	A9420875_37	-0.02951683407117127
late_allcell_DPN_vs_diabetes	A9420876_37	0.014774196418734165
late_allcell_DPN_vs_diabetes	A9420903_41	-0.01058810343482848
late_allcell_DPN_vs_diabetes	A9420980_37	-0.013122770766062303
late_allcell_DPN_vs_diabetes	A9421023_41	-0.010961664917958365
late_allcell_DPN_vs_diabetes	A9421024_41	-0.0063795158396277064
late_allcell_DPN_vs_diabetes	A9421026_41	-0.0030419963728329155
late_allcell_DPN_vs_diabetes	A9421103_37	-0.002793011551423131
late_allcell_DPN_vs_diabetes	A9421104_37	-0.005425060549524598
late_allcell_DPN_vs_diabetes	A9421105_37	0.0023476825628923788
late_allcell_DPN_vs_diabetes	A9421107_40	-0.02189203784371601
late_allcell_DPN_vs_diabetes	A9422976_41	-0.016147839187614095
late_allcell_DPN_vs_diabetes	A9422977_41	-0.004531584572869396
late_allcell_DPN_vs_diabetes	A9422978_41	-0.010017200811261779
late_allcell_DPN_vs_diabetes	A9423055_40	-0.02556910707391221
late_allcell_DPN_vs_diabetes	A9423057_40	-0.012946347429910321
late_allcell_DPN_vs_diabetes	A9423058_37	-0.03388943079626458
late_allcell_DPN_vs_diabetes	A9423059_37	-0.0071232938855863084
late_allcell_DPN_vs_diabetes	A9423161_40	0.01190321638742271
late_allcell_DPN_vs_diabetes	A9423185_41	-0.0065053156999525345
late_allcell_DPN_vs_diabetes	A9423186_41	-0.023653653883044377
late_allcell_DPN_vs_diabetes	A9423187_41	-0.013827998333858765
late_allcell_DPN_vs_diabetes	A9423188_41	0.002107347536131097
late_allcell_DPN_vs_diabetes	A9423189_41	-0.020049733703866476
late_allcell_DPN_vs_diabetes	A9423265_37	0.008337537261236306
late_allcell_DPN_vs_diabetes	A9423266_37	-0.01504791316217897
late_allcell_DPN_vs_diabetes	A9423267_37	0.001524819662100503
late_allcell_DPN_vs_diabetes	A9423268_37	-0.008384822586774091
late_allcell_DPN_vs_diabetes	A9423269_37	-0.03173587842847811
late_allcell_DPN_vs_diabetes	A9423396_38	-0.002182006727359284
late_allcell_DPN_vs_diabetes	A9423398_41	-0.018034150007552555
late_allcell_DPN_vs_diabetes	A9423475_37	0.003505652602819473
late_allcell_DPN_vs_diabetes	A9423476_37	0.013701499772685095
late_allcell_DPN_vs_diabetes	A9423477_40	-0.010026944426026441
late_allcell_DPN_vs_diabetes	A9423478_37	-0.0012574103604865473
late_allcell_DPN_vs_diabetes	A9423609_41	-0.013727848017220257
late_allcell_DPN_vs_diabetes	A9423611_38	-0.006170324898125251
late_allcell_DPN_vs_diabetes	A9423612_41	-0.011988907348501887
late_allcell_DPN_vs_diabetes	A9423613_38	-0.014245965286403924
late_allcell_DPN_vs_diabetes	A9423690_37	-0.02046827250861844
late_allcell_DPN_vs_diabetes	A9423691_37	-0.017937202904178856
late_allcell_DPN_vs_diabetes	A9423693_37	-0.01723538325342488
late_allcell_DPN_vs_diabetes	A9426532_41	-0.011056813264829874
late_allcell_DPN_vs_diabetes	A9426534_41	-0.004534377737209303
late_allcell_DPN_vs_diabetes	A9426535_41	-0.020133794232315677
late_allcell_DPN_vs_diabetes	A9426536_41	-0.0010898993885457876
late_allcell_DPN_vs_diabetes	A9426541_38	-0.018152530968268053
late_allcell_DPN_vs_diabetes	A9426542_38	-0.0037398731687176834
late_allcell_DPN_vs_diabetes	A9426543_38	-0.010642773774284981
late_allcell_DPN_vs_diabetes	A9426544_38	-0.003587876320173867
late_allcell_DPN_vs_diabetes	A9426545_38	-0.014691293099090532
late_allcell_DPN_vs_diabetes	AA009120_38	0.00620954012018236
late_allcell_DPN_vs_diabetes	AA009121_38	-0.017288321039968226
late_allcell_DPN_vs_diabetes	AA009122_38	0.029382132357969326
late_allcell_DPN_vs_diabetes	AA009123_41	-0.002409999309986137
late_allcell_DPN_vs_diabetes	AA009124_41	0.006658536032154216
late_allcell_DPN_vs_diabetes	AA009200_38	-0.01430007328730179
late_allcell_DPN_vs_diabetes	AA009201_38	-0.005084512636963159
late_allcell_DPN_vs_diabetes	AA009202_41	0.00237298412797245
late_allcell_DPN_vs_diabetes	AA009203_38	0.013486293533176562
late_allcell_DPN_vs_diabetes	AA009204_38	-0.013900853031890566
late_allcell_DPN_vs_diabetes	AA009242_38	-0.008436502968337319
late_allcell_DPN_vs_diabetes	AA009243_41	-0.014452856205478261
late_allcell_DPN_vs_diabetes	AA009323_41	-0.025281995078235635
late_allcell_DPN_vs_diabetes	AA009930_41	-0.006357837691755052
late_allcell_DPN_vs_diabetes	AA010009_38	0.002667843261935471
late_allcell_DPN_vs_diabetes	AA010160_38	0.01869195218183036
late_allcell_DPN_vs_diabetes	AA010243_38	-0.007991499261057484
late_allcell_DPN_vs_diabetes	AA010244_38	0.008763000113367047
late_allcell_DPN_vs_diabetes	AA010284_41	-0.0016930576264130859
late_allcell_DPN_vs_diabetes	AA010285_41	-0.0028528236435743683
late_allcell_DPN_vs_diabetes	AA010286_41	-0.002885573967578936
late_allcell_DPN_vs_diabetes	AA010363_38	-0.012006729653972736
late_allcell_DPN_vs_diabetes	AA010365_38	-0.008546719651144914
late_allcell_DPN_vs_diabetes	AA010366_38	0.0016662656254206147
late_allcell_DPN_vs_diabetes	AA015142_41	-0.00946786890617003
late_allcell_DPN_vs_diabetes	AA015143_38	0.0006861468952911974
late_allcell_DPN_vs_diabetes	AA015146_38	-0.015223776725250446
late_allcell_DPN_vs_diabetes	AA015222_41	0.0028877788535255217
late_allcell_DPN_vs_diabetes	AA015223_38	0.008823502853616265
late_allcell_DPN_vs_diabetes	AA015224_41	0.04297491354456207
late_allcell_DPN_vs_diabetes	AA015225_38	-0.0035637456820811313
late_allcell_DPN_vs_diabetes	AA015226_38	0.0051001805108911065
late_allcell_DPN_vs_diabetes	AA020219_38	-0.0029447130136628693
late_allcell_DPN_vs_diabetes	AA020221_41	-0.01434777151229576
late_allcell_DPN_vs_diabetes	AA020222_41	-0.0005505970421379458
late_allcell_DPN_vs_diabetes	AA020298_38	0.00989147581301475
late_allcell_DPN_vs_diabetes	AA020300_38	-0.007070747085039944
late_allcell_DPN_vs_diabetes	AA020301_38	-0.014553306932482241
late_allcell_DPN_vs_diabetes	AA020302_38	-0.010857357600288105
late_allcell_DPN_vs_diabetes	AA020339_41	0.006344789384811929
late_allcell_DPN_vs_diabetes	AA020418_41	-0.006463320319104484
late_allcell_DPN_vs_diabetes	AA020583_38	-0.0006521659969322031
late_allcell_DPN_vs_diabetes	AA020584_41	-0.005506315335664612
late_allcell_DPN_vs_diabetes	AA020585_41	-0.0021350553415611824
late_allcell_DPN_vs_diabetes	AA020661_38	-0.023417046104092454
late_allcell_DPN_vs_diabetes	AA020662_38	0.01344826459534407
late_allcell_DPN_vs_diabetes	AA020664_38	0.0010926862104535945
late_allcell_DPN_vs_diabetes	AA020665_44	0.01079181914710784
late_allcell_DPN_vs_diabetes	AA029458_41	-0.02004103662603033
late_allcell_DPN_vs_diabetes	AA029461_38	-0.00661951261522074
late_allcell_DPN_vs_diabetes	AA029479_41	-0.006595408130752522
late_allcell_DPN_vs_diabetes	AA029481_38	-0.005991885167407701
late_allcell_DPN_vs_diabetes	AA044985_41	0.007652947789342659
late_allcell_DPN_vs_diabetes	AA044986_41	-0.007296683793242975
late_allcell_DPN_vs_diabetes	AA044987_38	-0.017529539802690182
late_allcell_DPN_vs_diabetes	AA056589_39	0.00643945927000775
late_allcell_DPN_vs_diabetes	AA056590_42	-0.02332733147558224
late_allcell_DPN_vs_diabetes	AA057010_39	-0.010718914921095017
late_allcell_DPN_vs_diabetes	AA057011_39	-0.02023975122370207
late_allcell_DPN_vs_diabetes	AA109619_17	-0.019600456123772335
late_allcell_DPN_vs_diabetes	AA109620_20	-0.020607077169652703
late_allcell_DPN_vs_diabetes	AA109621_20	-0.02351293815457542
late_allcell_DPN_vs_diabetes	AA109622_20	-0.019510300054861464
late_allcell_DPN_vs_diabetes	AA115793_20	0.00037273985311950947
late_allcell_DPN_vs_diabetes	AA115795_17	0.0037238438117915447
late_allcell_DPN_vs_diabetes	AA115826_20	-0.018408542527446052
late_allcell_DPN_vs_diabetes	AA115827_20	-0.01191786141946341
late_allcell_DPN_vs_diabetes	AA125499_20	-0.002426118458647675
late_allcell_DPN_vs_diabetes	AA125503_17	-0.014642173919884137
late_allcell_DPN_vs_diabetes	AA125504_17	0.016104748703910814
late_allcell_DPN_vs_diabetes	AA144829_17	-0.0077166210330102195
late_allcell_DPN_vs_diabetes	AA144830_20	-0.0006394312840617492
late_allcell_DPN_vs_diabetes	AA144832_17	-0.02704234680004553
late_allcell_DPN_vs_diabetes	AA144919_20	-0.022190714409171815
late_allcell_DPN_vs_diabetes	AA144920_20	-0.0040181294188606324
late_allcell_DPN_vs_diabetes	AA144922_20	7.11728845754489e-05
late_allcell_DPN_vs_diabetes	AA144923_17	-0.003329386152782922
late_allcell_DPN_vs_diabetes	AA191419_17	0.0006474325115803231
late_allcell_DPN_vs_diabetes	AA191420_17	-0.018138402238705796
late_allcell_DPN_vs_diabetes	AA191441_20	-0.017542447257756343
late_allcell_DPN_vs_diabetes	AA191442_20	-0.006656491452960595
late_allcell_DPN_vs_diabetes	AA191443_17	-0.0051425583617739044
late_allcell_DPN_vs_diabetes	AA191444_17	-0.0031949761201943983
late_allcell_DPN_vs_diabetes	AA233470_17	0.00635886441749116
late_allcell_DPN_vs_diabetes	AA233471_20	-0.003296787868990604
late_allcell_DPN_vs_diabetes	AA233472_17	-0.013370204078926974
late_allcell_DPN_vs_diabetes	AA244928_20	-0.005679322238811879
late_allcell_DPN_vs_diabetes	AA244929_17	-0.014796326910289632
late_allcell_DPN_vs_diabetes	AA244931_17	-0.007107005629156485
late_allcell_DPN_vs_diabetes	AA278922_20	0.00015048346585460476
late_allcell_DPN_vs_diabetes	AA286956_20	-0.006531400341607374
late_allcell_DPN_vs_diabetes	AA286958_20	-0.0013582186866398574
late_allcell_DPN_vs_diabetes	AA287626_17	-0.0021178330729251793
late_allcell_DPN_vs_diabetes	AA308458_20	-0.0037646768528777214
late_allcell_DPN_vs_diabetes	AA308521_20	-0.021039266634239315
late_allcell_DPN_vs_diabetes	AA308522_17	-0.01326144391070954
late_allcell_DPN_vs_diabetes	AA308523_17	0.001790839971084035
late_allcell_DPN_vs_diabetes	AA309511_20	0.0033809744978173864
late_allcell_DPN_vs_diabetes	AA316138_20	-0.0045287864913630335
late_allcell_DPN_vs_diabetes	AA316176_20	-0.01744475146234143
late_allcell_DPN_vs_diabetes	AA316218_17	-0.004210319791797538
late_allcell_DPN_vs_diabetes	AA316336_17	-0.0037623092015949267
late_allcell_DPN_vs_diabetes	AA316338_20	0.009632539288056697
late_allcell_DPN_vs_diabetes	AA316340_20	0.02997008824929865
late_allcell_DPN_vs_diabetes	AA317014_20	-0.009702757280284326
late_allcell_DPN_vs_diabetes	AA317015_17	-0.0044806775404429774
late_allcell_DPN_vs_diabetes	AA322605_17	-0.011866372237285917
late_allcell_DPN_vs_diabetes	AA322607_20	0.0042528682113459025
late_allcell_DPN_vs_diabetes	AA322608_17	-0.013012532347953699
late_allcell_DPN_vs_diabetes	AA334336_17	-0.01232222353446429
late_allcell_DPN_vs_diabetes	AA334456_17	-0.01758478188745856
late_allcell_DPN_vs_diabetes	AA340667_17	-0.015769719740596006
late_allcell_DPN_vs_diabetes	AA340686_20	-0.00311460172064083
late_allcell_DPN_vs_diabetes	AA442571_17	0.0015868709534686345
late_allcell_DPN_vs_diabetes	AA442597_17	-0.02375494786846485
late_allcell_DPN_vs_diabetes	AA453435_17	-0.027017483896098118
late_allcell_DPN_vs_diabetes	AA466255_20	-0.0037759840909454695
late_allcell_DPN_vs_diabetes	AA466258_17	0.0008930860952391095
late_allcell_DPN_vs_diabetes	AA466261_17	0.006791764911474407
late_allcell_DPN_vs_diabetes	AA468716_17	-0.018755709052959396
late_allcell_DPN_vs_diabetes	AA468717_17	0.0060737553476198445
late_allcell_DPN_vs_diabetes	AA468719_20	0.002355881937966698
late_allcell_DPN_vs_diabetes	AA468720_17	-0.02040564173987234
late_allcell_DPN_vs_diabetes	AA468801_20	-0.005610993222401526
late_allcell_DPN_vs_diabetes	AA468804_20	0.001388129881487607
late_allcell_DPN_vs_diabetes	AA468805_17	-0.0067716320366096976
late_allcell_DPN_vs_diabetes	AA505072_17	-0.01928331926831315
late_allcell_DPN_vs_diabetes	AA519070_20	-0.01897345336988976
late_allcell_DPN_vs_diabetes	AA519071_20	-0.008353998152966894
late_allcell_DPN_vs_diabetes	AA566066_17	-0.019225716908011677
late_allcell_DPN_vs_diabetes	AA566067_20	-0.01666672360602901
late_allcell_DPN_vs_diabetes	AA615837_17	-0.01935028929393485
late_allcell_DPN_vs_diabetes	AA615852_20	-0.0178254144384224
late_allcell_DPN_vs_diabetes	AA615853_20	-0.028087457465245186
late_allcell_DPN_vs_diabetes	AA615854_20	-0.010091320753234696
late_allcell_DPN_vs_diabetes	AA615855_17	-0.011416593783213901
late_allcell_DPN_vs_diabetes	AA615856_20	-0.018392342530591035
late_allcell_DPN_vs_diabetes	AA628800_20	-0.004470760684639641
late_allcell_DPN_vs_diabetes	AA631918_17	-0.0043434368946598315
late_allcell_DPN_vs_diabetes	AA712136_13	-0.019739780828607348
late_allcell_DPN_vs_diabetes	AA718553_17	0.005122512214323447
late_allcell_DPN_vs_diabetes	AA718554_17	-0.014373762799051134
late_allcell_DPN_vs_diabetes	AA718842_17	-0.008477870804723632
late_allcell_DPN_vs_diabetes	AA718843_17	-0.01394219688818246
late_allcell_DPN_vs_diabetes	AA776534_20	0.009873456678358882
late_allcell_DPN_vs_diabetes	AA776535_17	-0.010557568935684294
late_allcell_DPN_vs_diabetes	AA811764_17	-0.0028717670273667693
late_allcell_DPN_vs_diabetes	AA811765_20	-0.006518930870672707
late_allcell_DPN_vs_diabetes	AA811766_17	-0.002952881852420831
early_allcell_diabetes_vs_control	A9420793_41	-0.10274211838144634
early_allcell_diabetes_vs_control	A9420795_41	-0.11724725417250965
early_allcell_diabetes_vs_control	A9420872_40	-0.11298424828602024
early_allcell_diabetes_vs_control	A9420873_37	-0.10155506257385394
early_allcell_diabetes_vs_control	A9420874_40	-0.12044407844017473
early_allcell_diabetes_vs_control	A9420875_37	-0.08871657070057315
early_allcell_diabetes_vs_control	A9420876_37	-0.1488542576529105
early_allcell_diabetes_vs_control	A9420903_41	-0.10659903973540162
early_allcell_diabetes_vs_control	A9420980_37	-0.10421597368361502
early_allcell_diabetes_vs_control	A9421023_41	-0.10461517764514434
early_allcell_diabetes_vs_control	A9421024_41	-0.1244602116514551
early_allcell_diabetes_vs_control	A9421026_41	-0.1027229831500948
early_allcell_diabetes_vs_control	A9421103_37	-0.09627977475809389
early_allcell_diabetes_vs_control	A9421104_37	-0.13013075909933805
early_allcell_diabetes_vs_control	A9421105_37	-0.13693660730516333
early_allcell_diabetes_vs_control	A9421107_40	-0.13211167721635017
early_allcell_diabetes_vs_control	A9422976_41	-0.09069076585322901
early_allcell_diabetes_vs_control	A9422977_41	-0.14878456161398487
early_allcell_diabetes_vs_control	A9422978_41	-0.11100475814471758
early_allcell_diabetes_vs_control	A9423055_40	-0.0871895353467553
early_allcell_diabetes_vs_control	A9423057_40	-0.10572657928775653
early_allcell_diabetes_vs_control	A9423058_37	-0.11772206947759015
early_allcell_diabetes_vs_control	A9423059_37	-0.11802949165343438
early_allcell_diabetes_vs_control	A9423161_40	-0.1464385337193328
early_allcell_diabetes_vs_control	A9423185_41	-0.11817082140094884
early_allcell_diabetes_vs_control	A9423186_41	-0.10483627895698776
early_allcell_diabetes_vs_control	A9423187_41	-0.0975388603724935
early_allcell_diabetes_vs_control	A9423188_41	-0.1242140598036346
early_allcell_diabetes_vs_control	A9423189_41	-0.12018570464282126
early_allcell_diabetes_vs_control	A9423265_37	-0.12449543703476115
early_allcell_diabetes_vs_control	A9423266_37	-0.10783404245917164
early_allcell_diabetes_vs_control	A9423267_37	-0.12332283048575292
early_allcell_diabetes_vs_control	A9423268_37	-0.1041919687041965
early_allcell_diabetes_vs_control	A9423269_37	-0.09987602125762787
early_allcell_diabetes_vs_control	A9423396_38	-0.12010584327243978
early_allcell_diabetes_vs_control	A9423398_41	-0.10376490345566852
early_allcell_diabetes_vs_control	A9423475_37	-0.12057421335771062
early_allcell_diabetes_vs_control	A9423476_37	-0.13981914428927325
early_allcell_diabetes_vs_control	A9423477_40	-0.11413743353274143
early_allcell_diabetes_vs_control	A9423478_37	-0.12404756176121327
early_allcell_diabetes_vs_control	A9423609_41	-0.10216845634963437
early_allcell_diabetes_vs_control	A9423611_38	-0.11962866208340586
early_allcell_diabetes_vs_control	A9423612_41	-0.11010870368442416
early_allcell_diabetes_vs_control	A9423613_38	-0.10154686762287511
early_allcell_diabetes_vs_control	A9423690_37	-0.09828157605340046
early_allcell_diabetes_vs_control	A9423691_37	-0.10023749775596383
early_allcell_diabetes_vs_control	A9423693_37	-0.12075641972767774
early_allcell_diabetes_vs_control	A9426532_41	-0.11461760686912817
early_allcell_diabetes_vs_control	A9426534_41	-0.09186220076035992
early_allcell_diabetes_vs_control	A9426535_41	-0.0962803540368698
early_allcell_diabetes_vs_control	A9426536_41	-0.11631966172974251
early_allcell_diabetes_vs_control	A9426541_38	-0.12371318646951086
early_allcell_diabetes_vs_control	A9426542_38	-0.12393032858339603
early_allcell_diabetes_vs_control	A9426543_38	-0.10955480790529967
early_allcell_diabetes_vs_control	A9426544_38	-0.11360636335951119
early_allcell_diabetes_vs_control	A9426545_38	-0.11012980453831615
early_allcell_diabetes_vs_control	AA009120_38	-0.13827253418971433
early_allcell_diabetes_vs_control	AA009121_38	-0.10400236314813988
early_allcell_diabetes_vs_control	AA009122_38	-0.1394974453300451
early_allcell_diabetes_vs_control	AA009123_41	-0.11274787399782615
early_allcell_diabetes_vs_control	AA009124_41	-0.1161146588962426
early_allcell_diabetes_vs_control	AA009200_38	-0.1198441882830876
early_allcell_diabetes_vs_control	AA009201_38	-0.10926344079162786
early_allcell_diabetes_vs_control	AA009202_41	-0.11583585987198833
early_allcell_diabetes_vs_control	AA009203_38	-0.14331867085971722
early_allcell_diabetes_vs_control	AA009204_38	-0.10785636431853278
early_allcell_diabetes_vs_control	AA009242_38	-0.10371294678845676
early_allcell_diabetes_vs_control	AA009243_41	-0.0794358074514223
early_allcell_diabetes_vs_control	AA009323_41	-0.09365585363135977
early_allcell_diabetes_vs_control	AA009930_41	-0.11776479812684797
early_allcell_diabetes_vs_control	AA010009_38	-0.1443039770729311
early_allcell_diabetes_vs_control	AA010160_38	-0.16265106099160215
early_allcell_diabetes_vs_control	AA010243_38	-0.11910372786410905
early_allcell_diabetes_vs_control	AA010244_38	-0.13195564425538786
early_allcell_diabetes_vs_control	AA010284_41	-0.09982520649519004
early_allcell_diabetes_vs_control	AA010285_41	-0.123912016475069
early_allcell_diabetes_vs_control	AA010286_41	-0.09329089670243178
early_allcell_diabetes_vs_control	AA010363_38	-0.09220855891528326
early_allcell_diabetes_vs_control	AA010365_38	-0.12202487134019147
early_allcell_diabetes_vs_control	AA010366_38	-0.08156108076885756
early_allcell_diabetes_vs_control	AA015142_41	-0.10132297459175642
early_allcell_diabetes_vs_control	AA015143_38	-0.09364699256926282
early_allcell_diabetes_vs_control	AA015146_38	-0.1178536829239114
early_allcell_diabetes_vs_control	AA015222_41	-0.11129264006986078
early_allcell_diabetes_vs_control	AA015223_38	-0.10813299788691114
early_allcell_diabetes_vs_control	AA015224_41	-0.14383318579269438
early_allcell_diabetes_vs_control	AA015225_38	-0.10467568670331885
early_allcell_diabetes_vs_control	AA015226_38	-0.12148460407559492
early_allcell_diabetes_vs_control	AA020219_38	-0.12926909440974274
early_allcell_diabetes_vs_control	AA020221_41	-0.10149604215508003
early_allcell_diabetes_vs_control	AA020222_41	-0.11891471883434837
early_allcell_diabetes_vs_control	AA020298_38	-0.13207759671152836
early_allcell_diabetes_vs_control	AA020300_38	-0.1264134486883157
early_allcell_diabetes_vs_control	AA020301_38	-0.11269330462870207
early_allcell_diabetes_vs_control	AA020302_38	-0.09565597061712489
early_allcell_diabetes_vs_control	AA020339_41	-0.13705695098400522
early_allcell_diabetes_vs_control	AA020418_41	-0.11084996343674441
early_allcell_diabetes_vs_control	AA020583_38	-0.13555437201883677
early_allcell_diabetes_vs_control	AA020584_41	-0.1088594491564372
early_allcell_diabetes_vs_control	AA020585_41	-0.12191498620064584
early_allcell_diabetes_vs_control	AA020661_38	-0.09654261090519653
early_allcell_diabetes_vs_control	AA020662_38	-0.13108214181963657
early_allcell_diabetes_vs_control	AA020664_38	-0.13584396561165668
early_allcell_diabetes_vs_control	AA020665_44	-0.12656469278613253
early_allcell_diabetes_vs_control	AA029458_41	-0.10393867162515023
early_allcell_diabetes_vs_control	AA029461_38	-0.1118813859500453
early_allcell_diabetes_vs_control	AA029479_41	-0.09978361975070615
early_allcell_diabetes_vs_control	AA029481_38	-0.11148932662499965
early_allcell_diabetes_vs_control	AA044985_41	-0.13940821498783912
early_allcell_diabetes_vs_control	AA044986_41	-0.13062937776627548
early_allcell_diabetes_vs_control	AA044987_38	-0.10427567270309052
early_allcell_diabetes_vs_control	AA056589_39	-0.10525898415140254
early_allcell_diabetes_vs_control	AA056590_42	-0.08004540617805572
early_allcell_diabetes_vs_control	AA057010_39	-0.12216297401723555
early_allcell_diabetes_vs_control	AA057011_39	-0.124525781964643
early_allcell_diabetes_vs_control	AA109619_17	-0.10978971139635536
early_allcell_diabetes_vs_control	AA109620_20	-0.10171610861572208
early_allcell_diabetes_vs_control	AA109621_20	-0.0984845389216012
early_allcell_diabetes_vs_control	AA109622_20	-0.11733246524780835
early_allcell_diabetes_vs_control	AA115793_20	-0.1090346304330766
early_allcell_diabetes_vs_control	AA115795_17	-0.11888324092082367
early_allcell_diabetes_vs_control	AA115826_20	-0.13881471830800163
early_allcell_diabetes_vs_control	AA115827_20	-0.12654076512318313
early_allcell_diabetes_vs_control	AA125499_20	-0.11939354983788372
early_allcell_diabetes_vs_control	AA125503_17	-0.09951316376820607
early_allcell_diabetes_vs_control	AA125504_17	-0.13539559194425435
early_allcell_diabetes_vs_control	AA144829_17	-0.11270065147748946
early_allcell_diabetes_vs_control	AA144830_20	-0.12416285726936727
early_allcell_diabetes_vs_control	AA144832_17	-0.11457314692570539
early_allcell_diabetes_vs_control	AA144919_20	-0.09485430529175029
early_allcell_diabetes_vs_control	AA144920_20	-0.1253831775956618
early_allcell_diabetes_vs_control	AA144922_20	-0.11607374896823403
early_allcell_diabetes_vs_control	AA144923_17	-0.11453864355927197
early_allcell_diabetes_vs_control	AA191419_17	-0.10772447669611743
early_allcell_diabetes_vs_control	AA191420_17	-0.10267570115555114
early_allcell_diabetes_vs_control	AA191441_20	-0.1149914992029118
early_allcell_diabetes_vs_control	AA191442_20	-0.11358330580420978
early_allcell_diabetes_vs_control	AA191443_17	-0.11163794493657865
early_allcell_diabetes_vs_control	AA191444_17	-0.12739133192575727
early_allcell_diabetes_vs_control	AA233470_17	-0.11328610248660766
early_allcell_diabetes_vs_control	AA233471_20	-0.1006367498916008
early_allcell_diabetes_vs_control	AA233472_17	-0.11650955989889743
early_allcell_diabetes_vs_control	AA244928_20	-0.12304733287472774
early_allcell_diabetes_vs_control	AA244929_17	-0.13044627571475134
early_allcell_diabetes_vs_control	AA244931_17	-0.1162038583118609
early_allcell_diabetes_vs_control	AA278922_20	-0.11132075471698114
early_allcell_diabetes_vs_control	AA286956_20	-0.12047171491467101
early_allcell_diabetes_vs_control	AA286958_20	-0.11304631497367536
early_allcell_diabetes_vs_control	AA287626_17	-0.12459142424162134
early_allcell_diabetes_vs_control	AA308458_20	-0.12189688819946388
early_allcell_diabetes_vs_control	AA308521_20	-0.13401066723428848
early_allcell_diabetes_vs_control	AA308522_17	-0.08810179593370682
early_allcell_diabetes_vs_control	AA308523_17	-0.13496663838965495
early_allcell_diabetes_vs_control	AA309511_20	-0.12843339318520153
early_allcell_diabetes_vs_control	AA316138_20	-0.11615710325879107
early_allcell_diabetes_vs_control	AA316176_20	-0.11318534782731654
early_allcell_diabetes_vs_control	AA316218_17	-0.09388707210055136
early_allcell_diabetes_vs_control	AA316336_17	-0.11910388368653131
early_allcell_diabetes_vs_control	AA316338_20	-0.1332331341631353
early_allcell_diabetes_vs_control	AA316340_20	-0.1473515722289116
early_allcell_diabetes_vs_control	AA317014_20	-0.11541877617961663
early_allcell_diabetes_vs_control	AA317015_17	-0.10770661123908475
early_allcell_diabetes_vs_control	AA322605_17	-0.11555816528375755
early_allcell_diabetes_vs_control	AA322607_20	-0.12399916938322542
early_allcell_diabetes_vs_control	AA322608_17	-0.10644051361568296
early_allcell_diabetes_vs_control	AA334336_17	-0.10136582932633297
early_allcell_diabetes_vs_control	AA334456_17	-0.1264114783078387
early_allcell_diabetes_vs_control	AA340667_17	-0.1037576142968619
early_allcell_diabetes_vs_control	AA340686_20	-0.1235874110113461
early_allcell_diabetes_vs_control	AA442571_17	-0.13497000760348
early_allcell_diabetes_vs_control	AA442597_17	-0.09638332708408107
early_allcell_diabetes_vs_control	AA453435_17	-0.10842150726493793
early_allcell_diabetes_vs_control	AA466255_20	-0.11695669590805265
early_allcell_diabetes_vs_control	AA466258_17	-0.11981671000998187
early_allcell_diabetes_vs_control	AA466261_17	-0.12840393679997186
early_allcell_diabetes_vs_control	AA468716_17	-0.09317119950821967
early_allcell_diabetes_vs_control	AA468717_17	-0.14472682797915298
early_allcell_diabetes_vs_control	AA468719_20	-0.15185285200976578
early_allcell_diabetes_vs_control	AA468720_17	-0.11600764576615165
early_allcell_diabetes_vs_control	AA468801_20	-0.10874750501984608
early_allcell_diabetes_vs_control	AA468804_20	-0.11374212988970539
early_allcell_diabetes_vs_control	AA468805_17	-0.11190692060606713
early_allcell_diabetes_vs_control	AA505072_17	-0.11133868024296284
early_allcell_diabetes_vs_control	AA519070_20	-0.078701617992827
early_allcell_diabetes_vs_control	AA519071_20	-0.10648531256208549
early_allcell_diabetes_vs_control	AA566066_17	-0.08460118395898562
early_allcell_diabetes_vs_control	AA566067_20	-0.09981512621185018
early_allcell_diabetes_vs_control	AA615837_17	-0.07682846832833438
early_allcell_diabetes_vs_control	AA615852_20	-0.14084266624891983
early_allcell_diabetes_vs_control	AA615853_20	-0.11393103305537768
early_allcell_diabetes_vs_control	AA615854_20	-0.12153006675414729
early_allcell_diabetes_vs_control	AA615855_17	-0.10239225719573225
early_allcell_diabetes_vs_control	AA615856_20	-0.07715211209413055
early_allcell_diabetes_vs_control	AA628800_20	-0.10424312782229274
early_allcell_diabetes_vs_control	AA631918_17	-0.09362377978628124
early_allcell_diabetes_vs_control	AA712136_13	-0.11812003340190413
early_allcell_diabetes_vs_control	AA718553_17	-0.11035000184221357
early_allcell_diabetes_vs_control	AA718554_17	-0.11796441319193818
early_allcell_diabetes_vs_control	AA718842_17	-0.12919936922845565
early_allcell_diabetes_vs_control	AA718843_17	-0.10496522736409453
early_allcell_diabetes_vs_control	AA776534_20	-0.12544571175058372
early_allcell_diabetes_vs_control	AA776535_17	-0.11688077827233556
early_allcell_diabetes_vs_control	AA811764_17	-0.11258589421090856
early_allcell_diabetes_vs_control	AA811765_20	-0.09350970112040187
early_allcell_diabetes_vs_control	AA811766_17	-0.09852345230048165
