target_id	expression_source	module_id	sample_id	group	score
DPN_vs_control	DESeq2_normalized_counts	late_shared_concordant_neuronal_core	C1	Control	0.029721062771158074
DPN_vs_control	DESeq2_normalized_counts	late_shared_concordant_neuronal_core	C2	Control	0.006462243687869115
DPN_vs_control	DESeq2_normalized_counts	late_shared_concordant_neuronal_core	C3	Control	0.0527378562957941
DPN_vs_control	DESeq2_normalized_counts	late_shared_concordant_neuronal_core	C4	Control	0.08805680258900686
DPN_vs_control	DESeq2_normalized_counts	late_shared_concordant_neuronal_core	C5	Control	0.029902739352833413
DPN_vs_control	DESeq2_normalized_counts	late_shared_concordant_neuronal_core	C6	Control	0.04500202008207267
DPN_vs_control	DESeq2_normalized_counts	late_shared_concordant_neuronal_core	S38	DPN	0.06046521050467377
DPN_vs_control	DESeq2_normalized_counts	late_shared_concordant_neuronal_core	S39	DPN	0.02165972962163402
DPN_vs_control	DESeq2_normalized_counts	late_shared_concordant_neuronal_core	S40	DPN	0.04083157916698717
DPN_vs_control	DESeq2_normalized_counts	late_shared_concordant_neuronal_core	S42	DPN	0.040708135123341836
DPN_vs_control	DESeq2_normalized_counts	late_shared_concordant_neuronal_core	S43	DPN	0.03425444249878301
DPN_vs_control	DESeq2_normalized_counts	late_shared_concordant_neuronal_core	S44	DPN	0.045101699888014796
DPN_vs_control	DESeq2_normalized_counts	late_neuron_residual	C1	Control	-0.16528648613071975
DPN_vs_control	DESeq2_normalized_counts	late_neuron_residual	C2	Control	-0.1676909800558291
DPN_vs_control	DESeq2_normalized_counts	late_neuron_residual	C3	Control	-0.16681238710718005
DPN_vs_control	DESeq2_normalized_counts	late_neuron_residual	C4	Control	-0.17660103443752817
DPN_vs_control	DESeq2_normalized_counts	late_neuron_residual	C5	Control	-0.1591825630629677
DPN_vs_control	DESeq2_normalized_counts	late_neuron_residual	C6	Control	-0.14759532443540305
DPN_vs_control	DESeq2_normalized_counts	late_neuron_residual	S38	DPN	-0.11769762961244391
DPN_vs_control	DESeq2_normalized_counts	late_neuron_residual	S39	DPN	-0.15846423625792558
DPN_vs_control	DESeq2_normalized_counts	late_neuron_residual	S40	DPN	-0.15203517365937322
DPN_vs_control	DESeq2_normalized_counts	late_neuron_residual	S42	DPN	-0.12305534082018983
DPN_vs_control	DESeq2_normalized_counts	late_neuron_residual	S43	DPN	-0.16208719016666645
DPN_vs_control	DESeq2_normalized_counts	late_neuron_residual	S44	DPN	-0.14131566920343988
DPN_vs_control	DESeq2_normalized_counts	late_allcell_residual	C1	Control	0.04033541711980215
DPN_vs_control	DESeq2_normalized_counts	late_allcell_residual	C2	Control	0.03616055082865782
DPN_vs_control	DESeq2_normalized_counts	late_allcell_residual	C3	Control	0.05792716649589457
DPN_vs_control	DESeq2_normalized_counts	late_allcell_residual	C4	Control	0.14245750616613165
DPN_vs_control	DESeq2_normalized_counts	late_allcell_residual	C5	Control	0.05596484176498745
DPN_vs_control	DESeq2_normalized_counts	late_allcell_residual	C6	Control	0.06169324678934566
DPN_vs_control	DESeq2_normalized_counts	late_allcell_residual	S38	DPN	0.040467751559319434
DPN_vs_control	DESeq2_normalized_counts	late_allcell_residual	S39	DPN	0.0247120327644823
DPN_vs_control	DESeq2_normalized_counts	late_allcell_residual	S40	DPN	0.030215167456467427
DPN_vs_control	DESeq2_normalized_counts	late_allcell_residual	S42	DPN	0.02151987318479759
DPN_vs_control	DESeq2_normalized_counts	late_allcell_residual	S43	DPN	0.024610400051973246
DPN_vs_control	DESeq2_normalized_counts	late_allcell_residual	S44	DPN	0.033270006464275
DPN_vs_control	DESeq2_normalized_counts	severity_neuron_shared_concordant_core	C1	Control	0.00779023727321769
DPN_vs_control	DESeq2_normalized_counts	severity_neuron_shared_concordant_core	C2	Control	0.008465059757444618
DPN_vs_control	DESeq2_normalized_counts	severity_neuron_shared_concordant_core	C3	Control	0.008268759411820953
DPN_vs_control	DESeq2_normalized_counts	severity_neuron_shared_concordant_core	C4	Control	0.04936782568416791
DPN_vs_control	DESeq2_normalized_counts	severity_neuron_shared_concordant_core	C5	Control	0.020259505274995482
DPN_vs_control	DESeq2_normalized_counts	severity_neuron_shared_concordant_core	C6	Control	0.03450130554341796
DPN_vs_control	DESeq2_normalized_counts	severity_neuron_shared_concordant_core	S38	DPN	0.027691319777185572
DPN_vs_control	DESeq2_normalized_counts	severity_neuron_shared_concordant_core	S39	DPN	0.012326945953565538
DPN_vs_control	DESeq2_normalized_counts	severity_neuron_shared_concordant_core	S40	DPN	0.021904452475031533
DPN_vs_control	DESeq2_normalized_counts	severity_neuron_shared_concordant_core	S42	DPN	0.013807176519346848
DPN_vs_control	DESeq2_normalized_counts	severity_neuron_shared_concordant_core	S43	DPN	0.02646494661243208
DPN_vs_control	DESeq2_normalized_counts	severity_neuron_shared_concordant_core	S44	DPN	-0.00596078868949948
DPN_vs_control	DESeq2_normalized_counts	severity_neuron_residual	C1	Control	0.05061372271048678
DPN_vs_control	DESeq2_normalized_counts	severity_neuron_residual	C2	Control	0.04712378686498209
DPN_vs_control	DESeq2_normalized_counts	severity_neuron_residual	C3	Control	0.04871798692482471
DPN_vs_control	DESeq2_normalized_counts	severity_neuron_residual	C4	Control	0.0832440264429487
DPN_vs_control	DESeq2_normalized_counts	severity_neuron_residual	C5	Control	0.05884561511638445
DPN_vs_control	DESeq2_normalized_counts	severity_neuron_residual	C6	Control	0.05087642272766435
DPN_vs_control	DESeq2_normalized_counts	severity_neuron_residual	S38	DPN	0.047218081477710394
DPN_vs_control	DESeq2_normalized_counts	severity_neuron_residual	S39	DPN	0.03622230841410043
DPN_vs_control	DESeq2_normalized_counts	severity_neuron_residual	S40	DPN	0.03368468213092765
DPN_vs_control	DESeq2_normalized_counts	severity_neuron_residual	S42	DPN	0.04393722381563661
DPN_vs_control	DESeq2_normalized_counts	severity_neuron_residual	S43	DPN	0.04240271187907002
DPN_vs_control	DESeq2_normalized_counts	severity_neuron_residual	S44	DPN	0.03338954803287428
DPN_vs_control	DESeq2_normalized_counts	original_late_allcell	C1	Control	0.041573251765783706
DPN_vs_control	DESeq2_normalized_counts	original_late_allcell	C2	Control	0.036733251910540034
DPN_vs_control	DESeq2_normalized_counts	original_late_allcell	C3	Control	0.05938594059854736
DPN_vs_control	DESeq2_normalized_counts	original_late_allcell	C4	Control	0.14111004129625823
DPN_vs_control	DESeq2_normalized_counts	original_late_allcell	C5	Control	0.056587472811641615
DPN_vs_control	DESeq2_normalized_counts	original_late_allcell	C6	Control	0.06290193875565156
DPN_vs_control	DESeq2_normalized_counts	original_late_allcell	S38	DPN	0.04173145853170142
DPN_vs_control	DESeq2_normalized_counts	original_late_allcell	S39	DPN	0.02638230728412829
DPN_vs_control	DESeq2_normalized_counts	original_late_allcell	S40	DPN	0.03219122583235736
DPN_vs_control	DESeq2_normalized_counts	original_late_allcell	S42	DPN	0.023233242097351503
DPN_vs_control	DESeq2_normalized_counts	original_late_allcell	S43	DPN	0.026812331747398752
DPN_vs_control	DESeq2_normalized_counts	original_late_allcell	S44	DPN	0.03495398010087988
DPN_vs_control	DESeq2_normalized_counts	original_late_neuron	C1	Control	-0.11944556799094137
DPN_vs_control	DESeq2_normalized_counts	original_late_neuron	C2	Control	-0.1294393206963453
DPN_vs_control	DESeq2_normalized_counts	original_late_neuron	C3	Control	-0.11240893370491066
DPN_vs_control	DESeq2_normalized_counts	original_late_neuron	C4	Control	-0.11091086753352683
DPN_vs_control	DESeq2_normalized_counts	original_late_neuron	C5	Control	-0.11562127541971731
DPN_vs_control	DESeq2_normalized_counts	original_late_neuron	C6	Control	-0.10412798588885505
DPN_vs_control	DESeq2_normalized_counts	original_late_neuron	S38	DPN	-0.07284071855190316
DPN_vs_control	DESeq2_normalized_counts	original_late_neuron	S39	DPN	-0.11588721384246935
DPN_vs_control	DESeq2_normalized_counts	original_late_neuron	S40	DPN	-0.10666247430185066
DPN_vs_control	DESeq2_normalized_counts	original_late_neuron	S42	DPN	-0.08600007800926832
DPN_vs_control	DESeq2_normalized_counts	original_late_neuron	S43	DPN	-0.11425566058511222
DPN_vs_control	DESeq2_normalized_counts	original_late_neuron	S44	DPN	-0.09564267204734025
DPN_vs_control	DESeq2_normalized_counts	original_severity	C1	Control	0.0340070775018331
DPN_vs_control	DESeq2_normalized_counts	original_severity	C2	Control	0.032292238285391406
DPN_vs_control	DESeq2_normalized_counts	original_severity	C3	Control	0.033268442949596716
DPN_vs_control	DESeq2_normalized_counts	original_severity	C4	Control	0.07021848921043866
DPN_vs_control	DESeq2_normalized_counts	original_severity	C5	Control	0.043711149710801867
DPN_vs_control	DESeq2_normalized_counts	original_severity	C6	Control	0.04006786251847552
DPN_vs_control	DESeq2_normalized_counts	original_severity	S38	DPN	0.03641098789960173
DPN_vs_control	DESeq2_normalized_counts	original_severity	S39	DPN	0.023587463006588455
DPN_vs_control	DESeq2_normalized_counts	original_severity	S40	DPN	0.02416958142756076
DPN_vs_control	DESeq2_normalized_counts	original_severity	S42	DPN	0.03036707588066878
DPN_vs_control	DESeq2_normalized_counts	original_severity	S43	DPN	0.031174847329046906
DPN_vs_control	DESeq2_normalized_counts	original_severity	S44	DPN	0.017025774648651654
DPN_vs_control	DESeq2_normalized_counts	original_early_allcell	C1	Control	0.07520383686296594
DPN_vs_control	DESeq2_normalized_counts	original_early_allcell	C2	Control	0.07055745778996897
DPN_vs_control	DESeq2_normalized_counts	original_early_allcell	C3	Control	0.05322653245934411
DPN_vs_control	DESeq2_normalized_counts	original_early_allcell	C4	Control	0.12225129467535067
DPN_vs_control	DESeq2_normalized_counts	original_early_allcell	C5	Control	0.06681797328539021
DPN_vs_control	DESeq2_normalized_counts	original_early_allcell	C6	Control	0.06382182072417526
DPN_vs_control	DESeq2_normalized_counts	original_early_allcell	S38	DPN	-0.004226959103779682
DPN_vs_control	DESeq2_normalized_counts	original_early_allcell	S39	DPN	0.04034460626869668
DPN_vs_control	DESeq2_normalized_counts	original_early_allcell	S40	DPN	0.03515207697016723
DPN_vs_control	DESeq2_normalized_counts	original_early_allcell	S42	DPN	0.020964241175950582
DPN_vs_control	DESeq2_normalized_counts	original_early_allcell	S43	DPN	0.034386601358090046
DPN_vs_control	DESeq2_normalized_counts	original_early_allcell	S44	DPN	0.022305520398782086
DPN_vs_control	DESeq2_normalized_counts	original_xenium	C1	Control	-0.15159534358628052
DPN_vs_control	DESeq2_normalized_counts	original_xenium	C2	Control	-0.18376151808013833
DPN_vs_control	DESeq2_normalized_counts	original_xenium	C3	Control	-0.1484584097440142
DPN_vs_control	DESeq2_normalized_counts	original_xenium	C4	Control	-0.22108718800858834
DPN_vs_control	DESeq2_normalized_counts	original_xenium	C5	Control	-0.18904259388553768
DPN_vs_control	DESeq2_normalized_counts	original_xenium	C6	Control	-0.19112903668964354
DPN_vs_control	DESeq2_normalized_counts	original_xenium	S38	DPN	-0.17156688477355828
DPN_vs_control	DESeq2_normalized_counts	original_xenium	S39	DPN	-0.1793647429441408
DPN_vs_control	DESeq2_normalized_counts	original_xenium	S40	DPN	-0.2091265950077711
DPN_vs_control	DESeq2_normalized_counts	original_xenium	S42	DPN	-0.14275348171684613
DPN_vs_control	DESeq2_normalized_counts	original_xenium	S43	DPN	-0.16791191780709003
DPN_vs_control	DESeq2_normalized_counts	original_xenium	S44	DPN	-0.1738923669507765
severe_vs_moderate_axonal_loss	DESeq2_normalized_counts	severity_neuron_shared_concordant_core	S8	Moderate	0.008761810194294672
severe_vs_moderate_axonal_loss	DESeq2_normalized_counts	severity_neuron_shared_concordant_core	S10	Moderate	0.006380870527640303
severe_vs_moderate_axonal_loss	DESeq2_normalized_counts	severity_neuron_shared_concordant_core	S11	Severe	0.012351642712059324
severe_vs_moderate_axonal_loss	DESeq2_normalized_counts	severity_neuron_shared_concordant_core	S12	Severe	0.015010220488812856
severe_vs_moderate_axonal_loss	DESeq2_normalized_counts	severity_neuron_shared_concordant_core	S13	Severe	0.02740042365914576
severe_vs_moderate_axonal_loss	DESeq2_normalized_counts	severity_neuron_shared_concordant_core	S14	Severe	0.015254750566953981
severe_vs_moderate_axonal_loss	DESeq2_normalized_counts	severity_neuron_shared_concordant_core	S18	Severe	0.005194602435211054
severe_vs_moderate_axonal_loss	DESeq2_normalized_counts	severity_neuron_shared_concordant_core	S19	Severe	0.008039518286566572
severe_vs_moderate_axonal_loss	DESeq2_normalized_counts	severity_neuron_shared_concordant_core	S20	Moderate	0.004972711168395941
severe_vs_moderate_axonal_loss	DESeq2_normalized_counts	severity_neuron_shared_concordant_core	S21	Severe	0.02743131137317112
severe_vs_moderate_axonal_loss	DESeq2_normalized_counts	severity_neuron_shared_concordant_core	S22	Severe	0.03967078587169541
severe_vs_moderate_axonal_loss	DESeq2_normalized_counts	severity_neuron_shared_concordant_core	S25	Severe	0.021892320763429646
severe_vs_moderate_axonal_loss	DESeq2_normalized_counts	severity_neuron_shared_concordant_core	S28	Severe	0.0182847116495585
severe_vs_moderate_axonal_loss	DESeq2_normalized_counts	severity_neuron_shared_concordant_core	S30	Severe	0.03872455101096137
severe_vs_moderate_axonal_loss	DESeq2_normalized_counts	severity_neuron_shared_concordant_core	S31	Severe	0.02838655397944216
severe_vs_moderate_axonal_loss	DESeq2_normalized_counts	severity_neuron_shared_concordant_core	S33	Moderate	-0.005979330245311443
severe_vs_moderate_axonal_loss	DESeq2_normalized_counts	severity_neuron_shared_concordant_core	S34	Severe	0.017968583344411523
severe_vs_moderate_axonal_loss	DESeq2_normalized_counts	severity_neuron_residual	S8	Moderate	0.043937165085438545
severe_vs_moderate_axonal_loss	DESeq2_normalized_counts	severity_neuron_residual	S10	Moderate	0.03176896706469115
severe_vs_moderate_axonal_loss	DESeq2_normalized_counts	severity_neuron_residual	S11	Severe	0.034623825069626885
severe_vs_moderate_axonal_loss	DESeq2_normalized_counts	severity_neuron_residual	S12	Severe	0.03754100927858528
severe_vs_moderate_axonal_loss	DESeq2_normalized_counts	severity_neuron_residual	S13	Severe	0.03392484252876932
severe_vs_moderate_axonal_loss	DESeq2_normalized_counts	severity_neuron_residual	S14	Severe	0.04803155521653729
severe_vs_moderate_axonal_loss	DESeq2_normalized_counts	severity_neuron_residual	S18	Severe	0.023642219672107334
severe_vs_moderate_axonal_loss	DESeq2_normalized_counts	severity_neuron_residual	S19	Severe	0.06702124295611367
severe_vs_moderate_axonal_loss	DESeq2_normalized_counts	severity_neuron_residual	S20	Moderate	0.031841948469436165
severe_vs_moderate_axonal_loss	DESeq2_normalized_counts	severity_neuron_residual	S21	Severe	0.03463784527711447
severe_vs_moderate_axonal_loss	DESeq2_normalized_counts	severity_neuron_residual	S22	Severe	0.07479256126385275
severe_vs_moderate_axonal_loss	DESeq2_normalized_counts	severity_neuron_residual	S25	Severe	0.053507220780636744
severe_vs_moderate_axonal_loss	DESeq2_normalized_counts	severity_neuron_residual	S28	Severe	0.012278423084918055
severe_vs_moderate_axonal_loss	DESeq2_normalized_counts	severity_neuron_residual	S30	Severe	0.03176111178504995
severe_vs_moderate_axonal_loss	DESeq2_normalized_counts	severity_neuron_residual	S31	Severe	0.03659116499285073
severe_vs_moderate_axonal_loss	DESeq2_normalized_counts	severity_neuron_residual	S33	Moderate	0.02050365824110703
severe_vs_moderate_axonal_loss	DESeq2_normalized_counts	severity_neuron_residual	S34	Severe	0.05273110993019539
severe_vs_moderate_axonal_loss	DESeq2_normalized_counts	original_severity	S8	Moderate	0.02970255194865462
severe_vs_moderate_axonal_loss	DESeq2_normalized_counts	original_severity	S10	Moderate	0.021358439659868
severe_vs_moderate_axonal_loss	DESeq2_normalized_counts	original_severity	S11	Severe	0.025091896019994814
severe_vs_moderate_axonal_loss	DESeq2_normalized_counts	original_severity	S12	Severe	0.026303313762680025
severe_vs_moderate_axonal_loss	DESeq2_normalized_counts	original_severity	S13	Severe	0.026265160759926853
severe_vs_moderate_axonal_loss	DESeq2_normalized_counts	original_severity	S14	Severe	0.03537638003777385
severe_vs_moderate_axonal_loss	DESeq2_normalized_counts	original_severity	S18	Severe	0.01355182410491268
severe_vs_moderate_axonal_loss	DESeq2_normalized_counts	original_severity	S19	Severe	0.05145016288643092
severe_vs_moderate_axonal_loss	DESeq2_normalized_counts	original_severity	S20	Moderate	0.021029599648001912
severe_vs_moderate_axonal_loss	DESeq2_normalized_counts	original_severity	S21	Severe	0.027723547974725177
severe_vs_moderate_axonal_loss	DESeq2_normalized_counts	original_severity	S22	Severe	0.06021273347547658
severe_vs_moderate_axonal_loss	DESeq2_normalized_counts	original_severity	S25	Severe	0.04036579703912466
severe_vs_moderate_axonal_loss	DESeq2_normalized_counts	original_severity	S28	Severe	0.007922192794977134
severe_vs_moderate_axonal_loss	DESeq2_normalized_counts	original_severity	S30	Severe	0.027191748897969298
severe_vs_moderate_axonal_loss	DESeq2_normalized_counts	original_severity	S31	Severe	0.027710262316404305
severe_vs_moderate_axonal_loss	DESeq2_normalized_counts	original_severity	S33	Moderate	0.009886074015547364
severe_vs_moderate_axonal_loss	DESeq2_normalized_counts	original_severity	S34	Severe	0.039831468628620276
severe_vs_moderate_axonal_loss	DESeq2_normalized_counts	original_late_neuron	S8	Moderate	-0.09853339984986242
severe_vs_moderate_axonal_loss	DESeq2_normalized_counts	original_late_neuron	S10	Moderate	-0.08142484638588755
severe_vs_moderate_axonal_loss	DESeq2_normalized_counts	original_late_neuron	S11	Severe	-0.0905731936797854
severe_vs_moderate_axonal_loss	DESeq2_normalized_counts	original_late_neuron	S12	Severe	-0.09492497279423534
severe_vs_moderate_axonal_loss	DESeq2_normalized_counts	original_late_neuron	S13	Severe	-0.08568811990224777
severe_vs_moderate_axonal_loss	DESeq2_normalized_counts	original_late_neuron	S14	Severe	-0.09609352666558446
severe_vs_moderate_axonal_loss	DESeq2_normalized_counts	original_late_neuron	S18	Severe	-0.10510118355415723
severe_vs_moderate_axonal_loss	DESeq2_normalized_counts	original_late_neuron	S19	Severe	-0.09320882236825549
severe_vs_moderate_axonal_loss	DESeq2_normalized_counts	original_late_neuron	S20	Moderate	-0.09581753276587784
severe_vs_moderate_axonal_loss	DESeq2_normalized_counts	original_late_neuron	S21	Severe	-0.07358062381986884
severe_vs_moderate_axonal_loss	DESeq2_normalized_counts	original_late_neuron	S22	Severe	-0.09641358652817572
severe_vs_moderate_axonal_loss	DESeq2_normalized_counts	original_late_neuron	S25	Severe	-0.09662058909319107
severe_vs_moderate_axonal_loss	DESeq2_normalized_counts	original_late_neuron	S28	Severe	-0.07475517310889093
severe_vs_moderate_axonal_loss	DESeq2_normalized_counts	original_late_neuron	S30	Severe	-0.08292411454111148
severe_vs_moderate_axonal_loss	DESeq2_normalized_counts	original_late_neuron	S31	Severe	-0.1015572653520976
severe_vs_moderate_axonal_loss	DESeq2_normalized_counts	original_late_neuron	S33	Moderate	-0.09279182785966297
severe_vs_moderate_axonal_loss	DESeq2_normalized_counts	original_late_neuron	S34	Severe	-0.08958391049244599
DPN_vs_control	quantile_normalized_TPM_sensitivity	late_shared_concordant_neuronal_core	C1	Control	-0.0957500135040242
DPN_vs_control	quantile_normalized_TPM_sensitivity	late_shared_concordant_neuronal_core	C2	Control	-0.12197482849889266
DPN_vs_control	quantile_normalized_TPM_sensitivity	late_shared_concordant_neuronal_core	C3	Control	-0.05845358666882732
DPN_vs_control	quantile_normalized_TPM_sensitivity	late_shared_concordant_neuronal_core	C4	Control	-0.0028210581753362537
DPN_vs_control	quantile_normalized_TPM_sensitivity	late_shared_concordant_neuronal_core	C5	Control	-0.09200764327769674
DPN_vs_control	quantile_normalized_TPM_sensitivity	late_shared_concordant_neuronal_core	C6	Control	-0.08405431318532923
DPN_vs_control	quantile_normalized_TPM_sensitivity	late_shared_concordant_neuronal_core	S38	DPN	-0.026764233241505984
DPN_vs_control	quantile_normalized_TPM_sensitivity	late_shared_concordant_neuronal_core	S39	DPN	-0.09195784718846217
DPN_vs_control	quantile_normalized_TPM_sensitivity	late_shared_concordant_neuronal_core	S40	DPN	-0.07405296278290928
DPN_vs_control	quantile_normalized_TPM_sensitivity	late_shared_concordant_neuronal_core	S42	DPN	-0.06737400745422137
DPN_vs_control	quantile_normalized_TPM_sensitivity	late_shared_concordant_neuronal_core	S43	DPN	-0.0908357640576892
DPN_vs_control	quantile_normalized_TPM_sensitivity	late_shared_concordant_neuronal_core	S44	DPN	-0.0641662615459407
DPN_vs_control	quantile_normalized_TPM_sensitivity	late_neuron_residual	C1	Control	-0.11230198296095618
DPN_vs_control	quantile_normalized_TPM_sensitivity	late_neuron_residual	C2	Control	-0.11244873221008603
DPN_vs_control	quantile_normalized_TPM_sensitivity	late_neuron_residual	C3	Control	-0.11812742157573126
DPN_vs_control	quantile_normalized_TPM_sensitivity	late_neuron_residual	C4	Control	-0.1409255486192893
DPN_vs_control	quantile_normalized_TPM_sensitivity	late_neuron_residual	C5	Control	-0.10049722808370544
DPN_vs_control	quantile_normalized_TPM_sensitivity	late_neuron_residual	C6	Control	-0.07617000583801901
DPN_vs_control	quantile_normalized_TPM_sensitivity	late_neuron_residual	S38	DPN	-0.044063097594747136
DPN_vs_control	quantile_normalized_TPM_sensitivity	late_neuron_residual	S39	DPN	-0.10373933299947105
DPN_vs_control	quantile_normalized_TPM_sensitivity	late_neuron_residual	S40	DPN	-0.09286212356159018
DPN_vs_control	quantile_normalized_TPM_sensitivity	late_neuron_residual	S42	DPN	-0.053920708347526124
DPN_vs_control	quantile_normalized_TPM_sensitivity	late_neuron_residual	S43	DPN	-0.1028684844974358
DPN_vs_control	quantile_normalized_TPM_sensitivity	late_neuron_residual	S44	DPN	-0.07320105868717525
DPN_vs_control	quantile_normalized_TPM_sensitivity	late_allcell_residual	C1	Control	-0.04151136594971061
DPN_vs_control	quantile_normalized_TPM_sensitivity	late_allcell_residual	C2	Control	-0.04639536403066395
DPN_vs_control	quantile_normalized_TPM_sensitivity	late_allcell_residual	C3	Control	-0.014819895129771846
DPN_vs_control	quantile_normalized_TPM_sensitivity	late_allcell_residual	C4	Control	0.11634815458784876
DPN_vs_control	quantile_normalized_TPM_sensitivity	late_allcell_residual	C5	Control	-0.020548712872756746
DPN_vs_control	quantile_normalized_TPM_sensitivity	late_allcell_residual	C6	Control	-0.011503188524330521
DPN_vs_control	quantile_normalized_TPM_sensitivity	late_allcell_residual	S38	DPN	-0.03881848687529259
DPN_vs_control	quantile_normalized_TPM_sensitivity	late_allcell_residual	S39	DPN	-0.05962453247816
DPN_vs_control	quantile_normalized_TPM_sensitivity	late_allcell_residual	S40	DPN	-0.05271025768393782
DPN_vs_control	quantile_normalized_TPM_sensitivity	late_allcell_residual	S42	DPN	-0.06617390069889688
DPN_vs_control	quantile_normalized_TPM_sensitivity	late_allcell_residual	S43	DPN	-0.061236463679318474
DPN_vs_control	quantile_normalized_TPM_sensitivity	late_allcell_residual	S44	DPN	-0.04795211618168334
DPN_vs_control	quantile_normalized_TPM_sensitivity	severity_neuron_shared_concordant_core	C1	Control	-0.11662628475333847
DPN_vs_control	quantile_normalized_TPM_sensitivity	severity_neuron_shared_concordant_core	C2	Control	-0.10568518334126223
DPN_vs_control	quantile_normalized_TPM_sensitivity	severity_neuron_shared_concordant_core	C3	Control	-0.11958969947743224
DPN_vs_control	quantile_normalized_TPM_sensitivity	severity_neuron_shared_concordant_core	C4	Control	-0.07710534516394318
DPN_vs_control	quantile_normalized_TPM_sensitivity	severity_neuron_shared_concordant_core	C5	Control	-0.09929179528029472
DPN_vs_control	quantile_normalized_TPM_sensitivity	severity_neuron_shared_concordant_core	C6	Control	-0.08815556071853987
DPN_vs_control	quantile_normalized_TPM_sensitivity	severity_neuron_shared_concordant_core	S38	DPN	-0.08745897271362771
DPN_vs_control	quantile_normalized_TPM_sensitivity	severity_neuron_shared_concordant_core	S39	DPN	-0.12340851007335125
DPN_vs_control	quantile_normalized_TPM_sensitivity	severity_neuron_shared_concordant_core	S40	DPN	-0.10820923731657578
DPN_vs_control	quantile_normalized_TPM_sensitivity	severity_neuron_shared_concordant_core	S42	DPN	-0.1159020840017554
DPN_vs_control	quantile_normalized_TPM_sensitivity	severity_neuron_shared_concordant_core	S43	DPN	-0.09798781904477408
DPN_vs_control	quantile_normalized_TPM_sensitivity	severity_neuron_shared_concordant_core	S44	DPN	-0.13622561872835692
DPN_vs_control	quantile_normalized_TPM_sensitivity	severity_neuron_residual	C1	Control	-0.010836667656771465
DPN_vs_control	quantile_normalized_TPM_sensitivity	severity_neuron_residual	C2	Control	-0.019496480759934515
DPN_vs_control	quantile_normalized_TPM_sensitivity	severity_neuron_residual	C3	Control	-0.017672147187811293
DPN_vs_control	quantile_normalized_TPM_sensitivity	severity_neuron_residual	C4	Control	0.02964795951053878
DPN_vs_control	quantile_normalized_TPM_sensitivity	severity_neuron_residual	C5	Control	-0.00655686695903876
DPN_vs_control	quantile_normalized_TPM_sensitivity	severity_neuron_residual	C6	Control	-0.014175781454755065
DPN_vs_control	quantile_normalized_TPM_sensitivity	severity_neuron_residual	S38	DPN	-0.01881848467376046
DPN_vs_control	quantile_normalized_TPM_sensitivity	severity_neuron_residual	S39	DPN	-0.031072530999015746
DPN_vs_control	quantile_normalized_TPM_sensitivity	severity_neuron_residual	S40	DPN	-0.041102161340485444
DPN_vs_control	quantile_normalized_TPM_sensitivity	severity_neuron_residual	S42	DPN	-0.023389361615385046
DPN_vs_control	quantile_normalized_TPM_sensitivity	severity_neuron_residual	S43	DPN	-0.02670279093064018
DPN_vs_control	quantile_normalized_TPM_sensitivity	severity_neuron_residual	S44	DPN	-0.04023595070443045
DPN_vs_control	quantile_normalized_TPM_sensitivity	original_late_allcell	C1	Control	-0.042785117504973186
DPN_vs_control	quantile_normalized_TPM_sensitivity	original_late_allcell	C2	Control	-0.048341225417974074
DPN_vs_control	quantile_normalized_TPM_sensitivity	original_late_allcell	C3	Control	-0.015495465002036177
DPN_vs_control	quantile_normalized_TPM_sensitivity	original_late_allcell	C4	Control	0.1114702443757002
DPN_vs_control	quantile_normalized_TPM_sensitivity	original_late_allcell	C5	Control	-0.022355750624832686
DPN_vs_control	quantile_normalized_TPM_sensitivity	original_late_allcell	C6	Control	-0.013394466442750712
DPN_vs_control	quantile_normalized_TPM_sensitivity	original_late_allcell	S38	DPN	-0.03889423099709044
DPN_vs_control	quantile_normalized_TPM_sensitivity	original_late_allcell	S39	DPN	-0.05977781257511927
DPN_vs_control	quantile_normalized_TPM_sensitivity	original_late_allcell	S40	DPN	-0.05292762135265056
DPN_vs_control	quantile_normalized_TPM_sensitivity	original_late_allcell	S42	DPN	-0.06613327236343391
DPN_vs_control	quantile_normalized_TPM_sensitivity	original_late_allcell	S43	DPN	-0.06143210442503519
DPN_vs_control	quantile_normalized_TPM_sensitivity	original_late_allcell	S44	DPN	-0.04839579551554718
DPN_vs_control	quantile_normalized_TPM_sensitivity	original_late_neuron	C1	Control	-0.12263039912014412
DPN_vs_control	quantile_normalized_TPM_sensitivity	original_late_neuron	C2	Control	-0.13231466827641997
DPN_vs_control	quantile_normalized_TPM_sensitivity	original_late_neuron	C3	Control	-0.11466888930857888
DPN_vs_control	quantile_normalized_TPM_sensitivity	original_late_neuron	C4	Control	-0.1200280752179311
DPN_vs_control	quantile_normalized_TPM_sensitivity	original_late_neuron	C5	Control	-0.11407720459826888
DPN_vs_control	quantile_normalized_TPM_sensitivity	original_late_neuron	C6	Control	-0.0958441395941396
DPN_vs_control	quantile_normalized_TPM_sensitivity	original_late_neuron	S38	DPN	-0.04527359323645354
DPN_vs_control	quantile_normalized_TPM_sensitivity	original_late_neuron	S39	DPN	-0.11109078174626953
DPN_vs_control	quantile_normalized_TPM_sensitivity	original_late_neuron	S40	DPN	-0.10129283561933229
DPN_vs_control	quantile_normalized_TPM_sensitivity	original_late_neuron	S42	DPN	-0.06929846092817267
DPN_vs_control	quantile_normalized_TPM_sensitivity	original_late_neuron	S43	DPN	-0.11023416583283545
DPN_vs_control	quantile_normalized_TPM_sensitivity	original_late_neuron	S44	DPN	-0.0797349872044994
DPN_vs_control	quantile_normalized_TPM_sensitivity	original_severity	C1	Control	-0.04220192900034944
DPN_vs_control	quantile_normalized_TPM_sensitivity	original_severity	C2	Control	-0.04480695408318927
DPN_vs_control	quantile_normalized_TPM_sensitivity	original_severity	C3	Control	-0.04713477131368082
DPN_vs_control	quantile_normalized_TPM_sensitivity	original_severity	C4	Control	0.0020931344524819095
DPN_vs_control	quantile_normalized_TPM_sensitivity	original_severity	C5	Control	-0.03498482488531099
DPN_vs_control	quantile_normalized_TPM_sensitivity	original_severity	C6	Control	-0.038013577283180444
DPN_vs_control	quantile_normalized_TPM_sensitivity	original_severity	S38	DPN	-0.039780701468027244
DPN_vs_control	quantile_normalized_TPM_sensitivity	original_severity	S39	DPN	-0.05887907773823664
DPN_vs_control	quantile_normalized_TPM_sensitivity	original_severity	S40	DPN	-0.0624503644598311
DPN_vs_control	quantile_normalized_TPM_sensitivity	original_severity	S42	DPN	-0.05090303596147849
DPN_vs_control	quantile_normalized_TPM_sensitivity	original_severity	S43	DPN	-0.05021998067422315
DPN_vs_control	quantile_normalized_TPM_sensitivity	original_severity	S44	DPN	-0.06933079770925342
DPN_vs_control	quantile_normalized_TPM_sensitivity	original_early_allcell	C1	Control	0.020765950983158553
DPN_vs_control	quantile_normalized_TPM_sensitivity	original_early_allcell	C2	Control	0.010041485218543679
DPN_vs_control	quantile_normalized_TPM_sensitivity	original_early_allcell	C3	Control	0.008554032073545742
DPN_vs_control	quantile_normalized_TPM_sensitivity	original_early_allcell	C4	Control	0.09236091848409585
DPN_vs_control	quantile_normalized_TPM_sensitivity	original_early_allcell	C5	Control	0.026372375936405276
DPN_vs_control	quantile_normalized_TPM_sensitivity	original_early_allcell	C6	Control	-0.0023229708725229017
DPN_vs_control	quantile_normalized_TPM_sensitivity	original_early_allcell	S38	DPN	-0.07727371068769862
DPN_vs_control	quantile_normalized_TPM_sensitivity	original_early_allcell	S39	DPN	-0.028826047725397264
DPN_vs_control	quantile_normalized_TPM_sensitivity	original_early_allcell	S40	DPN	-0.014503462342330811
DPN_vs_control	quantile_normalized_TPM_sensitivity	original_early_allcell	S42	DPN	-0.04881153648171679
DPN_vs_control	quantile_normalized_TPM_sensitivity	original_early_allcell	S43	DPN	-0.01152906963907642
DPN_vs_control	quantile_normalized_TPM_sensitivity	original_early_allcell	S44	DPN	-0.052859258685365965
DPN_vs_control	quantile_normalized_TPM_sensitivity	original_xenium	C1	Control	-0.1910120590936098
DPN_vs_control	quantile_normalized_TPM_sensitivity	original_xenium	C2	Control	-0.23345554475233618
DPN_vs_control	quantile_normalized_TPM_sensitivity	original_xenium	C3	Control	-0.17215774050667096
DPN_vs_control	quantile_normalized_TPM_sensitivity	original_xenium	C4	Control	-0.2730241924593528
DPN_vs_control	quantile_normalized_TPM_sensitivity	original_xenium	C5	Control	-0.2659826878409767
DPN_vs_control	quantile_normalized_TPM_sensitivity	original_xenium	C6	Control	-0.27040390536379844
DPN_vs_control	quantile_normalized_TPM_sensitivity	original_xenium	S38	DPN	-0.17176105979581915
DPN_vs_control	quantile_normalized_TPM_sensitivity	original_xenium	S39	DPN	-0.1425191081942419
DPN_vs_control	quantile_normalized_TPM_sensitivity	original_xenium	S40	DPN	-0.29083346837357527
DPN_vs_control	quantile_normalized_TPM_sensitivity	original_xenium	S42	DPN	-0.10630232809377192
DPN_vs_control	quantile_normalized_TPM_sensitivity	original_xenium	S43	DPN	-0.1188587073948037
DPN_vs_control	quantile_normalized_TPM_sensitivity	original_xenium	S44	DPN	-0.15089936801166748
