resource	comparison	module_id	block	removed_genes	remaining_up	remaining_down	delta_S_full	delta_S_after_block_removal	change_in_delta_S	status
GSE148059_C02	GSE148059_C02	late_allcell_residual	black	68	1237	1576	-2.8827392333650472e-05	-9.338168141121794e-05	-6.455428907756747e-05	COMPLETED
GSE148059_C02	GSE148059_C02	late_allcell_residual	blue	145	1230	1506	-2.8827392333650472e-05	-4.562824434767136e-05	-1.6800852014020888e-05	COMPLETED
GSE148059_C02	GSE148059_C02	late_allcell_residual	brown	174	1245	1462	-2.8827392333650472e-05	-5.2146334373860535e-05	-2.3318942040210063e-05	COMPLETED
GSE148059_C02	GSE148059_C02	late_allcell_residual	green	62	1283	1536	-2.8827392333650472e-05	5.649861872621245e-05	8.532601105986292e-05	COMPLETED
GSE148059_C02	GSE148059_C02	late_allcell_residual	magenta	17	1283	1581	-2.8827392333650472e-05	-1.4082331623294802e-05	1.474506071035567e-05	COMPLETED
GSE148059_C02	GSE148059_C02	late_allcell_residual	pink	42	1261	1578	-2.8827392333650472e-05	-0.000232862560491127	-0.00020403516815747653	COMPLETED
GSE148059_C02	GSE148059_C02	late_allcell_residual	red	71	1289	1521	-2.8827392333650472e-05	-6.840041041563066e-05	-3.957301808198019e-05	COMPLETED
GSE148059_C02	GSE148059_C02	late_allcell_residual	turquoise	164	1171	1546	-2.8827392333650472e-05	0.00010453326837203512	0.0001333606607056856	COMPLETED
GSE148059_C02	GSE148059_C02	late_allcell_residual	yellow	159	1189	1533	-2.8827392333650472e-05	-0.00021061775119105233	-0.00018179035885740186	COMPLETED
GSE148059_C02	GSE148059_C02	late_neuron_residual	black	5	72	195	-0.0006576252344175027	-0.0005021081599510941	0.0001555170744664086	COMPLETED
GSE148059_C02	GSE148059_C02	late_neuron_residual	blue	15	67	190	-0.0006576252344175027	-0.000391370781602803	0.0002662544528146997	COMPLETED
GSE148059_C02	GSE148059_C02	late_neuron_residual	brown	28	71	173	-0.0006576252344175027	-0.0005281797529125015	0.00012944548150500119	COMPLETED
GSE148059_C02	GSE148059_C02	late_neuron_residual	green	15	72	185	-0.0006576252344175027	-0.0005248704447794486	0.00013275478963805406	COMPLETED
GSE148059_C02	GSE148059_C02	late_neuron_residual	magenta	1	73	198	-0.0006576252344175027	-0.0006590001287625671	-1.3748943450644273e-06	COMPLETED
GSE148059_C02	GSE148059_C02	late_neuron_residual	pink	3	73	196	-0.0006576252344175027	-0.0004985148941065312	0.00015911034031097142	COMPLETED
GSE148059_C02	GSE148059_C02	late_neuron_residual	red	9	70	193	-0.0006576252344175027	-0.0006823036312634293	-2.4678396845926654e-05	COMPLETED
GSE148059_C02	GSE148059_C02	late_neuron_residual	turquoise	31	65	176	-0.0006576252344175027	-0.0007414056443659858	-8.378040994848313e-05	COMPLETED
GSE148059_C02	GSE148059_C02	late_neuron_residual	yellow	12	70	190	-0.0006576252344175027	-0.0004985414591747314	0.0001590837752427713	COMPLETED
GSE148059_C02	GSE148059_C02	late_shared_concordant_neuronal_core	black	4	43	78	-0.001564118617290115	-0.0018577133765664922	-0.0002935947592763771	COMPLETED
GSE148059_C02	GSE148059_C02	late_shared_concordant_neuronal_core	blue	8	41	76	-0.001564118617290115	-0.0006737093311351538	0.0008904092861549613	COMPLETED
GSE148059_C02	GSE148059_C02	late_shared_concordant_neuronal_core	brown	12	44	69	-0.001564118617290115	-0.0018933806256453	-0.0003292620083551849	COMPLETED
GSE148059_C02	GSE148059_C02	late_shared_concordant_neuronal_core	green	4	46	75	-0.001564118617290115	-0.001344579708169377	0.00021953890912073813	COMPLETED
GSE148059_C02	GSE148059_C02	late_shared_concordant_neuronal_core	magenta	1	45	79	-0.001564118617290115	-0.0016098913144427904	-4.5772697152675346e-05	COMPLETED
GSE148059_C02	GSE148059_C02	late_shared_concordant_neuronal_core	pink	2	44	79	-0.001564118617290115	-0.0016332178048940778	-6.909918760396273e-05	COMPLETED
GSE148059_C02	GSE148059_C02	late_shared_concordant_neuronal_core	red	2	46	77	-0.001564118617290115	-0.0015602990561772645	3.819561112850586e-06	COMPLETED
GSE148059_C02	GSE148059_C02	late_shared_concordant_neuronal_core	turquoise	11	40	74	-0.001564118617290115	-0.0016795545432304823	-0.00011543592594036724	COMPLETED
GSE148059_C02	GSE148059_C02	late_shared_concordant_neuronal_core	yellow	5	43	77	-0.001564118617290115	-0.001789374517182164	-0.00022525589989204906	COMPLETED
GSE148059_C02	GSE148059_C02	original_early_allcell	black	13	300	318	0.0029062555263850483	0.0029836043147864035	7.734878840135514e-05	COMPLETED
GSE148059_C02	GSE148059_C02	original_early_allcell	blue	52	294	285	0.0029062555263850483	0.002267736771700329	-0.0006385187546847195	COMPLETED
GSE148059_C02	GSE148059_C02	original_early_allcell	brown	48	285	298	0.0029062555263850483	0.0025811594463625463	-0.00032509608002250206	COMPLETED
GSE148059_C02	GSE148059_C02	original_early_allcell	green	29	277	325	0.0029062555263850483	0.0025152450474571677	-0.00039101047892788066	COMPLETED
GSE148059_C02	GSE148059_C02	original_early_allcell	magenta	4	300	327	0.0029062555263850483	0.0029147019347323146	8.446408347266218e-06	COMPLETED
GSE148059_C02	GSE148059_C02	original_early_allcell	pink	5	300	326	0.0029062555263850483	0.002946126555206904	3.987102882185584e-05	COMPLETED
GSE148059_C02	GSE148059_C02	original_early_allcell	red	16	295	320	0.0029062555263850483	0.002945240229630952	3.8984703245903505e-05	COMPLETED
GSE148059_C02	GSE148059_C02	original_early_allcell	turquoise	74	250	307	0.0029062555263850483	0.0032353354308016355	0.0003290799044165871	COMPLETED
GSE148059_C02	GSE148059_C02	original_early_allcell	yellow	31	288	312	0.0029062555263850483	0.0031657679922778388	0.00025951246589279043	COMPLETED
GSE148059_C02	GSE148059_C02	original_late_allcell	black	72	1316	1685	-6.596723168979956e-05	-0.00013494356560675642	-6.897633391695685e-05	COMPLETED
GSE148059_C02	GSE148059_C02	original_late_allcell	blue	156	1304	1613	-6.596723168979956e-05	-3.6142131835517947e-05	2.9825099854281615e-05	COMPLETED
GSE148059_C02	GSE148059_C02	original_late_allcell	brown	188	1325	1560	-6.596723168979956e-05	-0.00010591211165173535	-3.994487996193579e-05	COMPLETED
GSE148059_C02	GSE148059_C02	original_late_allcell	green	66	1365	1642	-6.596723168979956e-05	2.3228432482480575e-05	8.919566417228014e-05	COMPLETED
GSE148059_C02	GSE148059_C02	original_late_allcell	magenta	18	1364	1691	-6.596723168979956e-05	-5.297242341439733e-05	1.2994808275402234e-05	COMPLETED
GSE148059_C02	GSE148059_C02	original_late_allcell	pink	45	1340	1688	-6.596723168979956e-05	-0.00026790238482777933	-0.00020193515313797977	COMPLETED
GSE148059_C02	GSE148059_C02	original_late_allcell	red	76	1370	1627	-6.596723168979956e-05	-0.00010138227040117027	-3.541503871137071e-05	COMPLETED
GSE148059_C02	GSE148059_C02	original_late_allcell	turquoise	178	1244	1651	-6.596723168979956e-05	5.323684829277084e-05	0.0001192040799825704	COMPLETED
GSE148059_C02	GSE148059_C02	original_late_allcell	yellow	169	1263	1641	-6.596723168979956e-05	-0.0002589954555311702	-0.00019302822384137066	COMPLETED
GSE148059_C02	GSE148059_C02	original_late_neuron	black	9	122	295	-0.0009399181623477691	-0.0009346591832725583	5.2589790752108345e-06	COMPLETED
GSE148059_C02	GSE148059_C02	original_late_neuron	blue	24	115	287	-0.0009399181623477691	-0.0005059097550230921	0.00043400840732467697	COMPLETED
GSE148059_C02	GSE148059_C02	original_late_neuron	brown	41	121	264	-0.0009399181623477691	-0.0009243963239893251	1.5521838358443975e-05	COMPLETED
GSE148059_C02	GSE148059_C02	original_late_neuron	green	19	125	282	-0.0009399181623477691	-0.0007953383703336212	0.00014457979201414788	COMPLETED
GSE148059_C02	GSE148059_C02	original_late_neuron	magenta	2	125	299	-0.0009399181623477691	-0.0009530879234459328	-1.316976109816371e-05	COMPLETED
GSE148059_C02	GSE148059_C02	original_late_neuron	pink	6	124	296	-0.0009399181623477691	-0.0008115658931945176	0.00012835226915325153	COMPLETED
GSE148059_C02	GSE148059_C02	original_late_neuron	red	13	121	292	-0.0009399181623477691	-0.0010289410167000502	-8.90228543522811e-05	COMPLETED
GSE148059_C02	GSE148059_C02	original_late_neuron	turquoise	43	112	271	-0.0009399181623477691	-0.0010347738169786728	-9.485565463090366e-05	COMPLETED
GSE148059_C02	GSE148059_C02	original_late_neuron	yellow	22	120	284	-0.0009399181623477691	-0.0008503729782452114	8.954518410255775e-05	COMPLETED
GSE148059_C02	GSE148059_C02	original_severity	black	2	316	132	-0.0005137078967676146	-0.0004314248968678111	8.228299989980345e-05	COMPLETED
GSE148059_C02	GSE148059_C02	original_severity	blue	37	301	112	-0.0005137078967676146	-0.0007824197977712446	-0.00026871190100363003	COMPLETED
GSE148059_C02	GSE148059_C02	original_severity	brown	28	304	118	-0.0005137078967676146	-0.00031556318294083586	0.0001981447138267787	COMPLETED
GSE148059_C02	GSE148059_C02	original_severity	green	14	305	131	-0.0005137078967676146	-0.0006925486983627167	-0.00017884080159510213	COMPLETED
GSE148059_C02	GSE148059_C02	original_severity	magenta	3	313	134	-0.0005137078967676146	-0.0005463403721719651	-3.263247540435054e-05	COMPLETED
GSE148059_C02	GSE148059_C02	original_severity	pink	3	314	133	-0.0005137078967676146	-0.00048580602027624686	2.79018764913677e-05	COMPLETED
GSE148059_C02	GSE148059_C02	original_severity	red	10	312	128	-0.0005137078967676146	-0.00038843679580589165	0.0001252711009617229	COMPLETED
GSE148059_C02	GSE148059_C02	original_severity	turquoise	36	283	131	-0.0005137078967676146	-0.0005872963581603332	-7.35884613927186e-05	COMPLETED
GSE148059_C02	GSE148059_C02	original_severity	yellow	25	303	122	-0.0005137078967676146	-0.0004927561648940278	2.0951731873586755e-05	COMPLETED
GSE148059_C02	GSE148059_C02	original_xenium	black	2	17	41	0.001284301876461568	0.0014581985957983995	0.0001738967193368314	COMPLETED
GSE148059_C02	GSE148059_C02	original_xenium	blue	4	17	39	0.001284301876461568	0.0006829897717146701	-0.000601312104746898	COMPLETED
GSE148059_C02	GSE148059_C02	original_xenium	brown	1	17	42	0.001284301876461568	0.001264762583314362	-1.9539293147206004e-05	COMPLETED
GSE148059_C02	GSE148059_C02	original_xenium	pink	1	17	42	0.001284301876461568	0.0010723697066119884	-0.00021193216984957968	COMPLETED
GSE148059_C02	GSE148059_C02	original_xenium	red	1	17	42	0.001284301876461568	0.0010625234424103266	-0.0002217784340512415	COMPLETED
GSE148059_C02	GSE148059_C02	original_xenium	turquoise	3	17	40	0.001284301876461568	0.002097354503926859	0.000813052627465291	COMPLETED
GSE148059_C02	GSE148059_C02	original_xenium	yellow	5	16	39	0.001284301876461568	0.0008743852808409276	-0.00040991659562064045	COMPLETED
GSE148059_C02	GSE148059_C02	severity_neuron_residual	black	2	219	116	-0.0006076377689057135	-0.0005150034585278431	9.26343103778704e-05	COMPLETED
GSE148059_C02	GSE148059_C02	severity_neuron_residual	blue	31	208	98	-0.0006076377689057135	-0.0009331137100297714	-0.0003254759411240579	COMPLETED
GSE148059_C02	GSE148059_C02	severity_neuron_residual	brown	23	210	104	-0.0006076377689057135	-0.0003964878131821175	0.00021114995572359596	COMPLETED
GSE148059_C02	GSE148059_C02	severity_neuron_residual	green	11	211	115	-0.0006076377689057135	-0.0008341307498910132	-0.00022649298098529973	COMPLETED
GSE148059_C02	GSE148059_C02	severity_neuron_residual	magenta	2	217	118	-0.0006076377689057135	-0.0006534657680997978	-4.582799919408437e-05	COMPLETED
GSE148059_C02	GSE148059_C02	severity_neuron_residual	pink	2	218	117	-0.0006076377689057135	-0.000576983797887695	3.065397101801844e-05	COMPLETED
GSE148059_C02	GSE148059_C02	severity_neuron_residual	red	8	217	112	-0.0006076377689057135	-0.0004976516716194813	0.0001099860972862322	COMPLETED
GSE148059_C02	GSE148059_C02	severity_neuron_residual	turquoise	27	195	115	-0.0006076377689057135	-0.0006113457837943885	-3.7080148886749816e-06	COMPLETED
GSE148059_C02	GSE148059_C02	severity_neuron_residual	yellow	19	211	107	-0.0006076377689057135	-0.0005374421986082518	7.019557029746171e-05	COMPLETED
GSE24290_C01	GSE24290_C01	late_allcell_residual	black	64	1165	1451	-0.007160511107622967	-0.0071000188987277515	6.0492208895215026e-05	COMPLETED
GSE24290_C01	GSE24290_C01	late_allcell_residual	blue	138	1157	1385	-0.007160511107622967	-0.007295735637934436	-0.00013522453031146985	COMPLETED
GSE24290_C01	GSE24290_C01	late_allcell_residual	brown	166	1172	1342	-0.007160511107622967	-0.0072974867897405435	-0.00013697568211757695	COMPLETED
GSE24290_C01	GSE24290_C01	late_allcell_residual	green	57	1207	1416	-0.007160511107622967	-0.006952137562031284	0.0002083735455916825	COMPLETED
GSE24290_C01	GSE24290_C01	late_allcell_residual	magenta	17	1207	1456	-0.007160511107622967	-0.007057074805842904	0.0001034363017800629	COMPLETED
GSE24290_C01	GSE24290_C01	late_allcell_residual	pink	40	1187	1453	-0.007160511107622967	-0.006731649164967791	0.00042886194265517527	COMPLETED
GSE24290_C01	GSE24290_C01	late_allcell_residual	red	67	1213	1400	-0.007160511107622967	-0.006973641836376491	0.0001868692712464759	COMPLETED
GSE24290_C01	GSE24290_C01	late_allcell_residual	turquoise	160	1096	1424	-0.007160511107622967	-0.007187760090972599	-2.7248983349632307e-05	COMPLETED
GSE24290_C01	GSE24290_C01	late_allcell_residual	yellow	152	1116	1412	-0.007160511107622967	-0.0055000885532012714	0.0016604225544216951	COMPLETED
GSE24290_C01	GSE24290_C01	late_neuron_residual	black	5	72	184	0.0005273554335506877	0.0004624916413897836	-6.486379216090411e-05	COMPLETED
GSE24290_C01	GSE24290_C01	late_neuron_residual	blue	15	67	179	0.0005273554335506877	-0.0007538920893575914	-0.001281247522908279	COMPLETED
GSE24290_C01	GSE24290_C01	late_neuron_residual	brown	26	71	164	0.0005273554335506877	4.9598676762099576e-05	-0.00047775675678858815	COMPLETED
GSE24290_C01	GSE24290_C01	late_neuron_residual	green	15	72	174	0.0005273554335506877	0.0012258712342242462	0.0006985158006735585	COMPLETED
GSE24290_C01	GSE24290_C01	late_neuron_residual	magenta	1	73	187	0.0005273554335506877	0.0004451131629442059	-8.224227060648183e-05	COMPLETED
GSE24290_C01	GSE24290_C01	late_neuron_residual	pink	3	73	185	0.0005273554335506877	0.00046858356292056613	-5.8771870630121596e-05	COMPLETED
GSE24290_C01	GSE24290_C01	late_neuron_residual	red	9	70	182	0.0005273554335506877	0.0002896077237689251	-0.00023774770978176262	COMPLETED
GSE24290_C01	GSE24290_C01	late_neuron_residual	turquoise	30	65	166	0.0005273554335506877	0.0013700859311404508	0.0008427304975897631	COMPLETED
GSE24290_C01	GSE24290_C01	late_neuron_residual	yellow	12	70	179	0.0005273554335506877	0.0010550562897213627	0.000527700856170675	COMPLETED
GSE24290_C01	GSE24290_C01	late_shared_concordant_neuronal_core	black	4	37	74	-0.00433727293241563	-0.0036924439289525808	0.0006448290034630488	COMPLETED
GSE24290_C01	GSE24290_C01	late_shared_concordant_neuronal_core	blue	7	36	72	-0.00433727293241563	-0.004037722386876591	0.0002995505455390384	COMPLETED
GSE24290_C01	GSE24290_C01	late_shared_concordant_neuronal_core	brown	12	38	65	-0.00433727293241563	-0.004219096883665077	0.00011817604875055242	COMPLETED
GSE24290_C01	GSE24290_C01	late_shared_concordant_neuronal_core	green	4	40	71	-0.00433727293241563	-0.003913970573823992	0.0004233023585916377	COMPLETED
GSE24290_C01	GSE24290_C01	late_shared_concordant_neuronal_core	magenta	1	39	75	-0.00433727293241563	-0.004395790012166059	-5.851707975042947e-05	COMPLETED
GSE24290_C01	GSE24290_C01	late_shared_concordant_neuronal_core	pink	2	38	75	-0.00433727293241563	-0.004225975723955429	0.00011129720846020028	COMPLETED
GSE24290_C01	GSE24290_C01	late_shared_concordant_neuronal_core	red	2	40	73	-0.00433727293241563	-0.004088787686097859	0.00024848524631777055	COMPLETED
GSE24290_C01	GSE24290_C01	late_shared_concordant_neuronal_core	turquoise	9	35	71	-0.00433727293241563	-0.004855604992504297	-0.0005183320600886674	COMPLETED
GSE24290_C01	GSE24290_C01	late_shared_concordant_neuronal_core	yellow	5	37	73	-0.00433727293241563	-0.0037815383659744557	0.0005557345664411739	COMPLETED
GSE24290_C01	GSE24290_C01	original_early_allcell	black	13	283	308	-0.0033353447737865644	-0.003519208396289412	-0.0001838636225028477	COMPLETED
GSE24290_C01	GSE24290_C01	original_early_allcell	blue	52	277	275	-0.0033353447737865644	-0.0034264768229109975	-9.11320491244331e-05	COMPLETED
GSE24290_C01	GSE24290_C01	original_early_allcell	brown	46	268	290	-0.0033353447737865644	-0.0031588126026327865	0.00017653217115377786	COMPLETED
GSE24290_C01	GSE24290_C01	original_early_allcell	green	28	261	315	-0.0033353447737865644	-0.004867727586209439	-0.0015323828124228747	COMPLETED
GSE24290_C01	GSE24290_C01	original_early_allcell	magenta	4	283	317	-0.0033353447737865644	-0.002910236807490593	0.0004251079662959713	COMPLETED
GSE24290_C01	GSE24290_C01	original_early_allcell	pink	5	283	316	-0.0033353447737865644	-0.0034302940585634756	-9.494928477691124e-05	COMPLETED
GSE24290_C01	GSE24290_C01	original_early_allcell	red	16	278	310	-0.0033353447737865644	-0.0034478081916229438	-0.00011246341783637936	COMPLETED
GSE24290_C01	GSE24290_C01	original_early_allcell	turquoise	70	236	298	-0.0033353447737865644	-0.0028008168534729904	0.000534527920313574	COMPLETED
GSE24290_C01	GSE24290_C01	original_early_allcell	yellow	30	272	302	-0.0033353447737865644	-0.0029751642249358666	0.00036018054885069784	COMPLETED
GSE24290_C01	GSE24290_C01	original_late_allcell	black	68	1233	1554	-0.007002435468784131	-0.006924437979021671	7.799748976245954e-05	COMPLETED
GSE24290_C01	GSE24290_C01	original_late_allcell	blue	148	1221	1486	-0.007002435468784131	-0.007154832279054723	-0.0001523968102705919	COMPLETED
GSE24290_C01	GSE24290_C01	original_late_allcell	brown	179	1241	1435	-0.007002435468784131	-0.007130385670354639	-0.0001279502015705085	COMPLETED
GSE24290_C01	GSE24290_C01	original_late_allcell	green	61	1278	1516	-0.007002435468784131	-0.006789256262015342	0.0002131792067687887	COMPLETED
GSE24290_C01	GSE24290_C01	original_late_allcell	magenta	18	1277	1560	-0.007002435468784131	-0.006906469128772596	9.596634001153483e-05	COMPLETED
GSE24290_C01	GSE24290_C01	original_late_allcell	pink	42	1256	1557	-0.007002435468784131	-0.006592478089594977	0.0004099573791891539	COMPLETED
GSE24290_C01	GSE24290_C01	original_late_allcell	red	72	1283	1500	-0.007002435468784131	-0.006807498517474934	0.00019493695130919694	COMPLETED
GSE24290_C01	GSE24290_C01	original_late_allcell	turquoise	172	1159	1524	-0.007002435468784131	-0.007040626657569726	-3.8191188785594715e-05	COMPLETED
GSE24290_C01	GSE24290_C01	original_late_allcell	yellow	162	1179	1514	-0.007002435468784131	-0.005312052416377263	0.001690383052406868	COMPLETED
GSE24290_C01	GSE24290_C01	original_late_neuron	black	9	116	275	-0.0004992705645949948	-0.0003084037868349654	0.00019086677776002938	COMPLETED
GSE24290_C01	GSE24290_C01	original_late_neuron	blue	23	110	267	-0.0004992705645949948	-0.001076018829559173	-0.0005767482649641783	COMPLETED
GSE24290_C01	GSE24290_C01	original_late_neuron	brown	39	115	246	-0.0004992705645949948	-0.0006835401428192734	-0.0001842695782242786	COMPLETED
GSE24290_C01	GSE24290_C01	original_late_neuron	green	19	119	262	-0.0004992705645949948	8.649915711504371e-05	0.0005857697217100385	COMPLETED
GSE24290_C01	GSE24290_C01	original_late_neuron	magenta	2	119	279	-0.0004992705645949948	-0.0005654367218494525	-6.616615725445771e-05	COMPLETED
GSE24290_C01	GSE24290_C01	original_late_neuron	pink	5	118	277	-0.0004992705645949948	-0.000488220230556779	1.1050334038215787e-05	COMPLETED
GSE24290_C01	GSE24290_C01	original_late_neuron	red	13	115	272	-0.0004992705645949948	-0.000808065271498962	-0.00030879470690396726	COMPLETED
GSE24290_C01	GSE24290_C01	original_late_neuron	turquoise	40	107	253	-0.0004992705645949948	-0.00018682713412372447	0.0003124434304712703	COMPLETED
GSE24290_C01	GSE24290_C01	original_late_neuron	yellow	22	114	264	-0.0004992705645949948	-0.0004527218559517412	4.6548708643253604e-05	COMPLETED
GSE24290_C01	GSE24290_C01	original_severity	black	2	304	129	-0.004878200424813575	-0.005015732322334263	-0.00013753189752068774	COMPLETED
GSE24290_C01	GSE24290_C01	original_severity	blue	37	289	109	-0.004878200424813575	-0.00472567063948426	0.0001525297853293148	COMPLETED
GSE24290_C01	GSE24290_C01	original_severity	brown	27	292	116	-0.004878200424813575	-0.004073973553053972	0.0008042268717596028	COMPLETED
GSE24290_C01	GSE24290_C01	original_severity	green	14	293	128	-0.004878200424813575	-0.005570268731080046	-0.0006920683062664711	COMPLETED
GSE24290_C01	GSE24290_C01	original_severity	magenta	3	301	131	-0.004878200424813575	-0.0048074796107667375	7.072081404683756e-05	COMPLETED
GSE24290_C01	GSE24290_C01	original_severity	pink	3	302	130	-0.004878200424813575	-0.004968414223463067	-9.02137986494916e-05	COMPLETED
GSE24290_C01	GSE24290_C01	original_severity	red	10	300	125	-0.004878200424813575	-0.0046553222289329255	0.0002228781958806495	COMPLETED
GSE24290_C01	GSE24290_C01	original_severity	turquoise	35	272	128	-0.004878200424813575	-0.004106480264950829	0.0007717201598627463	COMPLETED
GSE24290_C01	GSE24290_C01	original_severity	yellow	23	293	119	-0.004878200424813575	-0.005361814870896969	-0.0004836144460833936	COMPLETED
GSE24290_C01	GSE24290_C01	original_xenium	black	2	14	40	0.004916959826165949	0.004061527860608281	-0.0008554319655576679	COMPLETED
GSE24290_C01	GSE24290_C01	original_xenium	blue	4	14	38	0.004916959826165949	0.007044536936849327	0.0021275771106833777	COMPLETED
GSE24290_C01	GSE24290_C01	original_xenium	brown	1	14	41	0.004916959826165949	0.00558523878111044	0.0006682789549444911	COMPLETED
GSE24290_C01	GSE24290_C01	original_xenium	pink	1	14	41	0.004916959826165949	0.0050280047358057115	0.0001110449096397622	COMPLETED
GSE24290_C01	GSE24290_C01	original_xenium	red	1	14	41	0.004916959826165949	0.005485286173444775	0.0005683263472788256	COMPLETED
GSE24290_C01	GSE24290_C01	original_xenium	turquoise	3	14	39	0.004916959826165949	0.003927080972016604	-0.0009898788541493455	COMPLETED
GSE24290_C01	GSE24290_C01	original_xenium	yellow	5	13	38	0.004916959826165949	0.006478685123625679	0.0015617252974597295	COMPLETED
GSE24290_C01	GSE24290_C01	severity_neuron_residual	black	2	211	116	-0.005497060880307552	-0.005654792907369803	-0.00015773202706225072	COMPLETED
GSE24290_C01	GSE24290_C01	severity_neuron_residual	blue	31	200	98	-0.005497060880307552	-0.005242187843206768	0.00025487303710078433	COMPLETED
GSE24290_C01	GSE24290_C01	severity_neuron_residual	brown	23	202	104	-0.005497060880307552	-0.004557595224559089	0.0009394656557484629	COMPLETED
GSE24290_C01	GSE24290_C01	severity_neuron_residual	green	11	203	115	-0.005497060880307552	-0.006365709652532053	-0.000868648772224501	COMPLETED
GSE24290_C01	GSE24290_C01	severity_neuron_residual	magenta	2	209	118	-0.005497060880307552	-0.005470377576138523	2.668330416902894e-05	COMPLETED
GSE24290_C01	GSE24290_C01	severity_neuron_residual	pink	2	210	117	-0.005497060880307552	-0.005606850583654321	-0.00010978970334676874	COMPLETED
GSE24290_C01	GSE24290_C01	severity_neuron_residual	red	8	209	112	-0.005497060880307552	-0.005228265415989999	0.00026879546431755365	COMPLETED
GSE24290_C01	GSE24290_C01	severity_neuron_residual	turquoise	27	187	115	-0.005497060880307552	-0.004688654205208528	0.0008084066750990247	COMPLETED
GSE24290_C01	GSE24290_C01	severity_neuron_residual	yellow	17	205	107	-0.005497060880307552	-0.006115413150918805	-0.000618352270611253	COMPLETED
original_JCI_sural_DPN_control	original_JCI_sural_DPN_control	late_allcell_residual	black	68	1236	1572	-0.036892749844474965	-0.036693321278216	0.00019942856625896482	COMPLETED
original_JCI_sural_DPN_control	original_JCI_sural_DPN_control	late_allcell_residual	blue	145	1229	1502	-0.036892749844474965	-0.03742555093848845	-0.0005328010940134839	COMPLETED
original_JCI_sural_DPN_control	original_JCI_sural_DPN_control	late_allcell_residual	brown	174	1244	1458	-0.036892749844474965	-0.035197875627363574	0.0016948742171113904	COMPLETED
original_JCI_sural_DPN_control	original_JCI_sural_DPN_control	late_allcell_residual	green	62	1282	1532	-0.036892749844474965	-0.03719102635520767	-0.0002982765107327062	COMPLETED
original_JCI_sural_DPN_control	original_JCI_sural_DPN_control	late_allcell_residual	magenta	17	1282	1577	-0.036892749844474965	-0.03623723923234827	0.0006555106121266946	COMPLETED
original_JCI_sural_DPN_control	original_JCI_sural_DPN_control	late_allcell_residual	pink	42	1260	1574	-0.036892749844474965	-0.0359196053666852	0.0009731444777897613	COMPLETED
original_JCI_sural_DPN_control	original_JCI_sural_DPN_control	late_allcell_residual	red	71	1288	1517	-0.036892749844474965	-0.03726751653469895	-0.0003747666902239877	COMPLETED
original_JCI_sural_DPN_control	original_JCI_sural_DPN_control	late_allcell_residual	turquoise	164	1170	1542	-0.036892749844474965	-0.033805114396390785	0.003087635448084179	COMPLETED
original_JCI_sural_DPN_control	original_JCI_sural_DPN_control	late_allcell_residual	yellow	159	1188	1529	-0.036892749844474965	-0.03459640108657201	0.0022963487579029523	COMPLETED
original_JCI_sural_DPN_control	original_JCI_sural_DPN_control	late_neuron_residual	black	5	79	186	0.026747169228103433	0.028658382150632346	0.0019112129225289133	COMPLETED
original_JCI_sural_DPN_control	original_JCI_sural_DPN_control	late_neuron_residual	blue	15	74	181	0.026747169228103433	0.029324029213199005	0.002576859985095572	COMPLETED
original_JCI_sural_DPN_control	original_JCI_sural_DPN_control	late_neuron_residual	brown	26	78	166	0.026747169228103433	0.034411518295858715	0.007664349067755281	COMPLETED
original_JCI_sural_DPN_control	original_JCI_sural_DPN_control	late_neuron_residual	green	15	79	176	0.026747169228103433	0.02537878640725681	-0.0013683828208466246	COMPLETED
original_JCI_sural_DPN_control	original_JCI_sural_DPN_control	late_neuron_residual	magenta	1	80	189	0.026747169228103433	0.026312139578988966	-0.000435029649114467	COMPLETED
original_JCI_sural_DPN_control	original_JCI_sural_DPN_control	late_neuron_residual	pink	3	80	187	0.026747169228103433	0.02730081928449886	0.0005536500563954258	COMPLETED
original_JCI_sural_DPN_control	original_JCI_sural_DPN_control	late_neuron_residual	red	9	77	184	0.026747169228103433	0.023924291266709544	-0.0028228779613938895	COMPLETED
original_JCI_sural_DPN_control	original_JCI_sural_DPN_control	late_neuron_residual	turquoise	31	72	167	0.026747169228103433	0.028612633263812297	0.0018654640357088637	COMPLETED
original_JCI_sural_DPN_control	original_JCI_sural_DPN_control	late_neuron_residual	yellow	12	77	181	0.026747169228103433	0.026860570741002367	0.00011340151289893421	COMPLETED
original_JCI_sural_DPN_control	original_JCI_sural_DPN_control	late_shared_concordant_neuronal_core	black	4	44	77	0.009828012872847972	0.012800422658271006	0.0029724097854230344	COMPLETED
original_JCI_sural_DPN_control	original_JCI_sural_DPN_control	late_shared_concordant_neuronal_core	blue	8	42	75	0.009828012872847972	0.008223309002562414	-0.0016047038702855579	COMPLETED
original_JCI_sural_DPN_control	original_JCI_sural_DPN_control	late_shared_concordant_neuronal_core	brown	12	45	68	0.009828012872847972	0.014116559922458034	0.004288547049610063	COMPLETED
original_JCI_sural_DPN_control	original_JCI_sural_DPN_control	late_shared_concordant_neuronal_core	green	4	47	74	0.009828012872847972	0.007894338180956662	-0.0019336746918913097	COMPLETED
original_JCI_sural_DPN_control	original_JCI_sural_DPN_control	late_shared_concordant_neuronal_core	magenta	1	46	78	0.009828012872847972	0.010669071850937687	0.0008410589780897156	COMPLETED
original_JCI_sural_DPN_control	original_JCI_sural_DPN_control	late_shared_concordant_neuronal_core	pink	2	45	78	0.009828012872847972	0.012104792464426434	0.002276779591578463	COMPLETED
original_JCI_sural_DPN_control	original_JCI_sural_DPN_control	late_shared_concordant_neuronal_core	red	2	47	76	0.009828012872847972	0.009954842505968366	0.00012682963312039483	COMPLETED
original_JCI_sural_DPN_control	original_JCI_sural_DPN_control	late_shared_concordant_neuronal_core	turquoise	11	41	73	0.009828012872847972	0.021984830292314066	0.012156817419466094	COMPLETED
original_JCI_sural_DPN_control	original_JCI_sural_DPN_control	late_shared_concordant_neuronal_core	yellow	5	44	76	0.009828012872847972	0.0009062345842336594	-0.008921778288614311	COMPLETED
original_JCI_sural_DPN_control	original_JCI_sural_DPN_control	original_early_allcell	black	13	299	319	-0.05049691773824523	-0.052771448242592736	-0.002274530504347505	COMPLETED
original_JCI_sural_DPN_control	original_JCI_sural_DPN_control	original_early_allcell	blue	52	293	286	-0.05049691773824523	-0.04885066566054397	0.001646252077701263	COMPLETED
original_JCI_sural_DPN_control	original_JCI_sural_DPN_control	original_early_allcell	brown	48	284	299	-0.05049691773824523	-0.03859096488790179	0.011905952850343439	COMPLETED
original_JCI_sural_DPN_control	original_JCI_sural_DPN_control	original_early_allcell	green	29	276	326	-0.05049691773824523	-0.0495379223786082	0.0009589953596370326	COMPLETED
original_JCI_sural_DPN_control	original_JCI_sural_DPN_control	original_early_allcell	magenta	4	299	328	-0.05049691773824523	-0.04985334181243262	0.0006435759258126145	COMPLETED
original_JCI_sural_DPN_control	original_JCI_sural_DPN_control	original_early_allcell	pink	5	299	327	-0.05049691773824523	-0.05068033992446562	-0.00018342218622038886	COMPLETED
original_JCI_sural_DPN_control	original_JCI_sural_DPN_control	original_early_allcell	red	16	294	321	-0.05049691773824523	-0.04885055695927047	0.0016463607789747592	COMPLETED
original_JCI_sural_DPN_control	original_JCI_sural_DPN_control	original_early_allcell	turquoise	74	249	308	-0.05049691773824523	-0.04742476337257615	0.003072154365669079	COMPLETED
original_JCI_sural_DPN_control	original_JCI_sural_DPN_control	original_early_allcell	yellow	31	287	313	-0.05049691773824523	-0.05115783140714292	-0.0006609136688976863	COMPLETED
original_JCI_sural_DPN_control	original_JCI_sural_DPN_control	original_late_allcell	black	72	1315	1679	-0.03550093210508862	-0.035252719318914494	0.00024821278617412346	COMPLETED
original_JCI_sural_DPN_control	original_JCI_sural_DPN_control	original_late_allcell	blue	156	1303	1607	-0.03550093210508862	-0.036028738666036786	-0.0005278065609481686	COMPLETED
original_JCI_sural_DPN_control	original_JCI_sural_DPN_control	original_late_allcell	brown	188	1324	1554	-0.03550093210508862	-0.033820372732490944	0.001680559372597673	COMPLETED
original_JCI_sural_DPN_control	original_JCI_sural_DPN_control	original_late_allcell	green	66	1364	1636	-0.03550093210508862	-0.035873870338219524	-0.0003729382331309067	COMPLETED
original_JCI_sural_DPN_control	original_JCI_sural_DPN_control	original_late_allcell	magenta	18	1363	1685	-0.03550093210508862	-0.03486797971865763	0.0006329523864309905	COMPLETED
original_JCI_sural_DPN_control	original_JCI_sural_DPN_control	original_late_allcell	pink	45	1339	1682	-0.03550093210508862	-0.034559121859547	0.0009418102455416161	COMPLETED
original_JCI_sural_DPN_control	original_JCI_sural_DPN_control	original_late_allcell	red	76	1369	1621	-0.03550093210508862	-0.035815257155114494	-0.0003143250500258765	COMPLETED
original_JCI_sural_DPN_control	original_JCI_sural_DPN_control	original_late_allcell	turquoise	178	1243	1645	-0.03550093210508862	-0.03226331925816421	0.0032376128469244064	COMPLETED
original_JCI_sural_DPN_control	original_JCI_sural_DPN_control	original_late_allcell	yellow	169	1262	1635	-0.03550093210508862	-0.033515932932323494	0.001984999172765123	COMPLETED
original_JCI_sural_DPN_control	original_JCI_sural_DPN_control	original_late_neuron	black	9	129	284	0.025445955908184794	0.027613170032645417	0.002167214124460623	COMPLETED
original_JCI_sural_DPN_control	original_JCI_sural_DPN_control	original_late_neuron	blue	24	122	276	0.025445955908184794	0.02546864413333092	2.268822514612731e-05	COMPLETED
original_JCI_sural_DPN_control	original_JCI_sural_DPN_control	original_late_neuron	brown	39	128	255	0.025445955908184794	0.03149107000067104	0.0060451140924862486	COMPLETED
original_JCI_sural_DPN_control	original_JCI_sural_DPN_control	original_late_neuron	green	19	132	271	0.025445955908184794	0.024034871066989365	-0.0014110848411954292	COMPLETED
original_JCI_sural_DPN_control	original_JCI_sural_DPN_control	original_late_neuron	magenta	2	132	288	0.025445955908184794	0.025395333383779188	-5.062252440560591e-05	COMPLETED
original_JCI_sural_DPN_control	original_JCI_sural_DPN_control	original_late_neuron	pink	6	131	285	0.025445955908184794	0.02659058150600659	0.0011446255978217953	COMPLETED
original_JCI_sural_DPN_control	original_JCI_sural_DPN_control	original_late_neuron	red	13	128	281	0.025445955908184794	0.024108711051917718	-0.001337244856267076	COMPLETED
original_JCI_sural_DPN_control	original_JCI_sural_DPN_control	original_late_neuron	turquoise	43	119	260	0.025445955908184794	0.03032488160197353	0.0048789256937887375	COMPLETED
original_JCI_sural_DPN_control	original_JCI_sural_DPN_control	original_late_neuron	yellow	22	127	273	0.025445955908184794	0.021900143663552356	-0.003545812244632438	COMPLETED
original_JCI_sural_DPN_control	original_JCI_sural_DPN_control	original_severity	black	2	319	131	-0.01633207935284774	-0.015091307567430311	0.001240771785417429	COMPLETED
original_JCI_sural_DPN_control	original_JCI_sural_DPN_control	original_severity	blue	37	304	111	-0.01633207935284774	-0.019261052419648313	-0.0029289730668005734	COMPLETED
original_JCI_sural_DPN_control	original_JCI_sural_DPN_control	original_severity	brown	28	307	117	-0.01633207935284774	-0.013721213775123912	0.0026108655777238275	COMPLETED
original_JCI_sural_DPN_control	original_JCI_sural_DPN_control	original_severity	green	14	308	130	-0.01633207935284774	-0.014097421885073232	0.0022346574677745076	COMPLETED
original_JCI_sural_DPN_control	original_JCI_sural_DPN_control	original_severity	magenta	3	316	133	-0.01633207935284774	-0.0160346155777851	0.00029746377506264035	COMPLETED
original_JCI_sural_DPN_control	original_JCI_sural_DPN_control	original_severity	pink	3	317	132	-0.01633207935284774	-0.01675424929694631	-0.00042216994409857017	COMPLETED
original_JCI_sural_DPN_control	original_JCI_sural_DPN_control	original_severity	red	10	315	127	-0.01633207935284774	-0.017748130585289453	-0.0014160512324417132	COMPLETED
original_JCI_sural_DPN_control	original_JCI_sural_DPN_control	original_severity	turquoise	36	286	130	-0.01633207935284774	-0.015829237072471247	0.0005028422803764927	COMPLETED
original_JCI_sural_DPN_control	original_JCI_sural_DPN_control	original_severity	yellow	25	306	121	-0.01633207935284774	-0.020442843976321408	-0.004110764623473668	COMPLETED
original_JCI_sural_DPN_control	original_JCI_sural_DPN_control	original_xenium	black	2	17	41	0.0067523960673221625	-0.00019076497890697236	-0.006943161046229135	COMPLETED
original_JCI_sural_DPN_control	original_JCI_sural_DPN_control	original_xenium	blue	4	17	39	0.0067523960673221625	0.010204091365856878	0.0034516952985347155	COMPLETED
original_JCI_sural_DPN_control	original_JCI_sural_DPN_control	original_xenium	brown	1	17	42	0.0067523960673221625	0.010612604880502863	0.0038602088131807002	COMPLETED
original_JCI_sural_DPN_control	original_JCI_sural_DPN_control	original_xenium	pink	1	17	42	0.0067523960673221625	0.007541697556205665	0.0007893014888835023	COMPLETED
original_JCI_sural_DPN_control	original_JCI_sural_DPN_control	original_xenium	red	1	17	42	0.0067523960673221625	0.00560872099151212	-0.0011436750758100425	COMPLETED
original_JCI_sural_DPN_control	original_JCI_sural_DPN_control	original_xenium	turquoise	3	17	40	0.0067523960673221625	-0.0021256486803191907	-0.008878044747641353	COMPLETED
original_JCI_sural_DPN_control	original_JCI_sural_DPN_control	original_xenium	yellow	5	16	39	0.0067523960673221625	0.006760291011309365	7.894943987202252e-06	COMPLETED
original_JCI_sural_DPN_control	original_JCI_sural_DPN_control	severity_neuron_residual	black	2	219	116	-0.01600787628432083	-0.014603519246968347	0.0014043570373524841	COMPLETED
original_JCI_sural_DPN_control	original_JCI_sural_DPN_control	severity_neuron_residual	blue	31	208	98	-0.01600787628432083	-0.01827108886825837	-0.0022632125839375378	COMPLETED
original_JCI_sural_DPN_control	original_JCI_sural_DPN_control	severity_neuron_residual	brown	23	210	104	-0.01600787628432083	-0.012219457493507477	0.003788418790813354	COMPLETED
original_JCI_sural_DPN_control	original_JCI_sural_DPN_control	severity_neuron_residual	green	11	211	115	-0.01600787628432083	-0.013895643309616155	0.0021122329747046767	COMPLETED
original_JCI_sural_DPN_control	original_JCI_sural_DPN_control	severity_neuron_residual	magenta	2	217	118	-0.01600787628432083	-0.01603588766861301	-2.8011384292179337e-05	COMPLETED
original_JCI_sural_DPN_control	original_JCI_sural_DPN_control	severity_neuron_residual	pink	2	218	117	-0.01600787628432083	-0.016501959822069118	-0.0004940835377482862	COMPLETED
original_JCI_sural_DPN_control	original_JCI_sural_DPN_control	severity_neuron_residual	red	8	217	112	-0.01600787628432083	-0.017594261683660073	-0.0015863853993392414	COMPLETED
original_JCI_sural_DPN_control	original_JCI_sural_DPN_control	severity_neuron_residual	turquoise	27	195	115	-0.01600787628432083	-0.015935262843068343	7.261344125248856e-05	COMPLETED
original_JCI_sural_DPN_control	original_JCI_sural_DPN_control	severity_neuron_residual	yellow	19	211	107	-0.01600787628432083	-0.020545402475932305	-0.004537526191611473	COMPLETED
original_JCI_sural_severe_moderate	original_JCI_sural_severe_moderate	late_allcell_residual	black	68	1244	1585	0.0058394150049486965	0.00461202132372201	-0.0012273936812266864	COMPLETED
original_JCI_sural_severe_moderate	original_JCI_sural_severe_moderate	late_allcell_residual	blue	145	1237	1515	0.0058394150049486965	0.00542013522976126	-0.00041927977518743664	COMPLETED
original_JCI_sural_severe_moderate	original_JCI_sural_severe_moderate	late_allcell_residual	brown	174	1252	1471	0.0058394150049486965	0.0035970983770880994	-0.002242316627860597	COMPLETED
original_JCI_sural_severe_moderate	original_JCI_sural_severe_moderate	late_allcell_residual	green	62	1290	1545	0.0058394150049486965	0.005872433833660554	3.301882871185706e-05	COMPLETED
original_JCI_sural_severe_moderate	original_JCI_sural_severe_moderate	late_allcell_residual	magenta	17	1290	1590	0.0058394150049486965	0.005933143938804598	9.372893385590185e-05	COMPLETED
original_JCI_sural_severe_moderate	original_JCI_sural_severe_moderate	late_allcell_residual	pink	42	1268	1587	0.0058394150049486965	0.005218478589511913	-0.0006209364154367838	COMPLETED
original_JCI_sural_severe_moderate	original_JCI_sural_severe_moderate	late_allcell_residual	red	71	1296	1530	0.0058394150049486965	0.005991518187659285	0.00015210318271058863	COMPLETED
original_JCI_sural_severe_moderate	original_JCI_sural_severe_moderate	late_allcell_residual	turquoise	164	1178	1555	0.0058394150049486965	0.006369397279153502	0.0005299822742048056	COMPLETED
original_JCI_sural_severe_moderate	original_JCI_sural_severe_moderate	late_allcell_residual	yellow	159	1196	1542	0.0058394150049486965	0.001296926506354386	-0.004542488498594311	COMPLETED
original_JCI_sural_severe_moderate	original_JCI_sural_severe_moderate	late_neuron_residual	black	5	78	187	-0.001601195530405406	-0.0018384871185581444	-0.00023729158815273847	COMPLETED
original_JCI_sural_severe_moderate	original_JCI_sural_severe_moderate	late_neuron_residual	blue	15	73	182	-0.001601195530405406	0.0012325799911983265	0.0028337755216037326	COMPLETED
original_JCI_sural_severe_moderate	original_JCI_sural_severe_moderate	late_neuron_residual	brown	26	77	167	-0.001601195530405406	-0.005647533332938308	-0.004046337802532902	COMPLETED
original_JCI_sural_severe_moderate	original_JCI_sural_severe_moderate	late_neuron_residual	green	15	78	177	-0.001601195530405406	-0.001672841973704551	-7.164644329914508e-05	COMPLETED
original_JCI_sural_severe_moderate	original_JCI_sural_severe_moderate	late_neuron_residual	magenta	1	79	190	-0.001601195530405406	-0.0015417148809181145	5.9480649487291416e-05	COMPLETED
original_JCI_sural_severe_moderate	original_JCI_sural_severe_moderate	late_neuron_residual	pink	3	79	188	-0.001601195530405406	-0.0013760053611588858	0.00022519016924652012	COMPLETED
original_JCI_sural_severe_moderate	original_JCI_sural_severe_moderate	late_neuron_residual	red	9	76	185	-0.001601195530405406	0.0003933057719220038	0.0019945013023274097	COMPLETED
original_JCI_sural_severe_moderate	original_JCI_sural_severe_moderate	late_neuron_residual	turquoise	31	71	168	-0.001601195530405406	-0.0027239225448972403	-0.0011227270144918344	COMPLETED
original_JCI_sural_severe_moderate	original_JCI_sural_severe_moderate	late_neuron_residual	yellow	12	76	182	-0.001601195530405406	-0.003078071575657563	-0.0014768760452521573	COMPLETED
original_JCI_sural_severe_moderate	original_JCI_sural_severe_moderate	late_shared_concordant_neuronal_core	black	4	44	78	0.002172282769651419	-0.0015309295429010153	-0.0037032123125524345	COMPLETED
original_JCI_sural_severe_moderate	original_JCI_sural_severe_moderate	late_shared_concordant_neuronal_core	blue	8	42	76	0.002172282769651419	0.005374723476631795	0.003202440706980376	COMPLETED
original_JCI_sural_severe_moderate	original_JCI_sural_severe_moderate	late_shared_concordant_neuronal_core	brown	12	45	69	0.002172282769651419	-0.00379262737454502	-0.005964910144196439	COMPLETED
original_JCI_sural_severe_moderate	original_JCI_sural_severe_moderate	late_shared_concordant_neuronal_core	green	4	47	75	0.002172282769651419	0.0026203594598691055	0.00044807669021768633	COMPLETED
original_JCI_sural_severe_moderate	original_JCI_sural_severe_moderate	late_shared_concordant_neuronal_core	magenta	1	46	79	0.002172282769651419	0.0017978237445684352	-0.00037445902508298403	COMPLETED
original_JCI_sural_severe_moderate	original_JCI_sural_severe_moderate	late_shared_concordant_neuronal_core	pink	2	45	79	0.002172282769651419	0.0015776757439232613	-0.0005946070257281579	COMPLETED
original_JCI_sural_severe_moderate	original_JCI_sural_severe_moderate	late_shared_concordant_neuronal_core	red	2	47	77	0.002172282769651419	0.0020271688808696396	-0.0001451138887817796	COMPLETED
original_JCI_sural_severe_moderate	original_JCI_sural_severe_moderate	late_shared_concordant_neuronal_core	turquoise	11	41	74	0.002172282769651419	0.0008038122892346923	-0.001368470480416727	COMPLETED
original_JCI_sural_severe_moderate	original_JCI_sural_severe_moderate	late_shared_concordant_neuronal_core	yellow	5	44	77	0.002172282769651419	-0.0006632341956372282	-0.0028355169652886474	COMPLETED
original_JCI_sural_severe_moderate	original_JCI_sural_severe_moderate	original_early_allcell	black	13	300	320	0.02195907296925262	0.023216846418160558	0.0012577734489079388	COMPLETED
original_JCI_sural_severe_moderate	original_JCI_sural_severe_moderate	original_early_allcell	blue	52	294	287	0.02195907296925262	0.021827387450811336	-0.0001316855184412824	COMPLETED
original_JCI_sural_severe_moderate	original_JCI_sural_severe_moderate	original_early_allcell	brown	48	285	300	0.02195907296925262	0.014529160891133692	-0.007429912078118927	COMPLETED
original_JCI_sural_severe_moderate	original_JCI_sural_severe_moderate	original_early_allcell	green	29	277	327	0.02195907296925262	0.021235724738087998	-0.0007233482311646208	COMPLETED
original_JCI_sural_severe_moderate	original_JCI_sural_severe_moderate	original_early_allcell	magenta	4	300	329	0.02195907296925262	0.02176723056118775	-0.00019184240806486771	COMPLETED
original_JCI_sural_severe_moderate	original_JCI_sural_severe_moderate	original_early_allcell	pink	5	300	328	0.02195907296925262	0.02154577288562104	-0.0004133000836315792	COMPLETED
original_JCI_sural_severe_moderate	original_JCI_sural_severe_moderate	original_early_allcell	red	16	295	322	0.02195907296925262	0.021517742173532698	-0.0004413307957199207	COMPLETED
original_JCI_sural_severe_moderate	original_JCI_sural_severe_moderate	original_early_allcell	turquoise	74	250	309	0.02195907296925262	0.022349597340965557	0.00039052437171293794	COMPLETED
original_JCI_sural_severe_moderate	original_JCI_sural_severe_moderate	original_early_allcell	yellow	31	288	314	0.02195907296925262	0.022787319602946738	0.0008282466336941192	COMPLETED
original_JCI_sural_severe_moderate	original_JCI_sural_severe_moderate	original_late_allcell	black	72	1323	1694	0.005868100387690789	0.004598774332237148	-0.0012693260554536411	COMPLETED
original_JCI_sural_severe_moderate	original_JCI_sural_severe_moderate	original_late_allcell	blue	156	1311	1622	0.005868100387690789	0.005588126931752819	-0.00027997345593797074	COMPLETED
original_JCI_sural_severe_moderate	original_JCI_sural_severe_moderate	original_late_allcell	brown	188	1332	1569	0.005868100387690789	0.003442764385916365	-0.0024253360017744245	COMPLETED
original_JCI_sural_severe_moderate	original_JCI_sural_severe_moderate	original_late_allcell	green	66	1372	1651	0.005868100387690789	0.005918004364251536	4.990397656074678e-05	COMPLETED
original_JCI_sural_severe_moderate	original_JCI_sural_severe_moderate	original_late_allcell	magenta	18	1371	1700	0.005868100387690789	0.005946331870412776	7.82314827219863e-05	COMPLETED
original_JCI_sural_severe_moderate	original_JCI_sural_severe_moderate	original_late_allcell	pink	45	1347	1697	0.005868100387690789	0.005231955049878601	-0.0006361453378121882	COMPLETED
original_JCI_sural_severe_moderate	original_JCI_sural_severe_moderate	original_late_allcell	red	76	1377	1636	0.005868100387690789	0.0059965263936372125	0.0001284260059464231	COMPLETED
original_JCI_sural_severe_moderate	original_JCI_sural_severe_moderate	original_late_allcell	turquoise	178	1251	1660	0.005868100387690789	0.00639994175742593	0.0005318413697351409	COMPLETED
original_JCI_sural_severe_moderate	original_JCI_sural_severe_moderate	original_late_allcell	yellow	169	1270	1650	0.005868100387690789	0.0014054897638096193	-0.00446261062388117	COMPLETED
original_JCI_sural_severe_moderate	original_JCI_sural_severe_moderate	original_late_neuron	black	9	128	286	-0.0011965772211044326	-0.0026654470207864277	-0.0014688697996819951	COMPLETED
original_JCI_sural_severe_moderate	original_JCI_sural_severe_moderate	original_late_neuron	blue	24	121	278	-0.0011965772211044326	0.0015733768225603695	0.002769954043664802	COMPLETED
original_JCI_sural_severe_moderate	original_JCI_sural_severe_moderate	original_late_neuron	brown	39	127	257	-0.0011965772211044326	-0.005332880795230922	-0.0041363035741264894	COMPLETED
original_JCI_sural_severe_moderate	original_JCI_sural_severe_moderate	original_late_neuron	green	19	131	273	-0.0011965772211044326	-0.0011739726103423497	2.2604610762082906e-05	COMPLETED
original_JCI_sural_severe_moderate	original_JCI_sural_severe_moderate	original_late_neuron	magenta	2	131	290	-0.0011965772211044326	-0.0013026491019784863	-0.00010607188087405372	COMPLETED
original_JCI_sural_severe_moderate	original_JCI_sural_severe_moderate	original_late_neuron	pink	6	130	287	-0.0011965772211044326	-0.0010913559227000813	0.00010522129840435132	COMPLETED
original_JCI_sural_severe_moderate	original_JCI_sural_severe_moderate	original_late_neuron	red	13	127	283	-0.0011965772211044326	0.0001242078493961644	0.001320785070500597	COMPLETED
original_JCI_sural_severe_moderate	original_JCI_sural_severe_moderate	original_late_neuron	turquoise	43	118	262	-0.0011965772211044326	-0.002614298821217974	-0.0014177216001135414	COMPLETED
original_JCI_sural_severe_moderate	original_JCI_sural_severe_moderate	original_late_neuron	yellow	22	126	275	-0.0011965772211044326	-0.002629279380698496	-0.0014327021595940635	COMPLETED
original_JCI_sural_severe_moderate	original_JCI_sural_severe_moderate	original_severity	black	2	319	132	0.010290200334356098	0.011148984765963503	0.0008587844316074057	COMPLETED
original_JCI_sural_severe_moderate	original_JCI_sural_severe_moderate	original_severity	blue	37	304	112	0.010290200334356098	0.010617450999825055	0.00032725066546895713	COMPLETED
original_JCI_sural_severe_moderate	original_JCI_sural_severe_moderate	original_severity	brown	28	307	118	0.010290200334356098	0.006956474838007612	-0.003333725496348486	COMPLETED
original_JCI_sural_severe_moderate	original_JCI_sural_severe_moderate	original_severity	green	14	308	131	0.010290200334356098	0.010194280031136439	-9.592030321965879e-05	COMPLETED
original_JCI_sural_severe_moderate	original_JCI_sural_severe_moderate	original_severity	magenta	3	316	134	0.010290200334356098	0.01027136897000628	-1.883136434981808e-05	COMPLETED
original_JCI_sural_severe_moderate	original_JCI_sural_severe_moderate	original_severity	pink	3	317	133	0.010290200334356098	0.010422063575805173	0.00013186324144907544	COMPLETED
original_JCI_sural_severe_moderate	original_JCI_sural_severe_moderate	original_severity	red	10	315	128	0.010290200334356098	0.009244974566565721	-0.0010452257677903767	COMPLETED
original_JCI_sural_severe_moderate	original_JCI_sural_severe_moderate	original_severity	turquoise	36	286	131	0.010290200334356098	0.010169608456547529	-0.00012059187780856864	COMPLETED
original_JCI_sural_severe_moderate	original_JCI_sural_severe_moderate	original_severity	yellow	25	306	122	0.010290200334356098	0.012009517111047438	0.00171931677669134	COMPLETED
original_JCI_sural_severe_moderate	original_JCI_sural_severe_moderate	original_xenium	black	2	17	41	-0.001473371081818161	-0.0012189905720124909	0.00025438050980567013	COMPLETED
original_JCI_sural_severe_moderate	original_JCI_sural_severe_moderate	original_xenium	blue	4	17	39	-0.001473371081818161	-0.0064080412698973395	-0.0049346701880791785	COMPLETED
original_JCI_sural_severe_moderate	original_JCI_sural_severe_moderate	original_xenium	brown	1	17	42	-0.001473371081818161	-0.00483606939691026	-0.003362698315092099	COMPLETED
original_JCI_sural_severe_moderate	original_JCI_sural_severe_moderate	original_xenium	pink	1	17	42	-0.001473371081818161	-0.0013587331972467207	0.0001146378845714403	COMPLETED
original_JCI_sural_severe_moderate	original_JCI_sural_severe_moderate	original_xenium	red	1	17	42	-0.001473371081818161	-0.0017763225457726782	-0.00030295146395451725	COMPLETED
original_JCI_sural_severe_moderate	original_JCI_sural_severe_moderate	original_xenium	turquoise	3	17	40	-0.001473371081818161	0.00025796593896519355	0.0017313370207833545	COMPLETED
original_JCI_sural_severe_moderate	original_JCI_sural_severe_moderate	original_xenium	yellow	5	16	39	-0.001473371081818161	-0.005313492329141186	-0.003840121247323025	COMPLETED
original_JCI_sural_severe_moderate	original_JCI_sural_severe_moderate	severity_neuron_residual	black	2	219	116	0.010154265408879393	0.011137181528948565	0.000982916120069172	COMPLETED
original_JCI_sural_severe_moderate	original_JCI_sural_severe_moderate	severity_neuron_residual	blue	31	208	98	0.010154265408879393	0.010641706681996337	0.0004874412731169439	COMPLETED
original_JCI_sural_severe_moderate	original_JCI_sural_severe_moderate	severity_neuron_residual	brown	23	210	104	0.010154265408879393	0.006681283191703627	-0.0034729822171757664	COMPLETED
original_JCI_sural_severe_moderate	original_JCI_sural_severe_moderate	severity_neuron_residual	green	11	211	115	0.010154265408879393	0.009930593900177108	-0.0002236715087022851	COMPLETED
original_JCI_sural_severe_moderate	original_JCI_sural_severe_moderate	severity_neuron_residual	magenta	2	217	118	0.010154265408879393	0.010155556027850012	1.2906189706188287e-06	COMPLETED
original_JCI_sural_severe_moderate	original_JCI_sural_severe_moderate	severity_neuron_residual	pink	2	218	117	0.010154265408879393	0.010327148571694825	0.0001728831628154317	COMPLETED
original_JCI_sural_severe_moderate	original_JCI_sural_severe_moderate	severity_neuron_residual	red	8	217	112	0.010154265408879393	0.009101190292203716	-0.0010530751166756766	COMPLETED
original_JCI_sural_severe_moderate	original_JCI_sural_severe_moderate	severity_neuron_residual	turquoise	27	195	115	0.010154265408879393	0.010636974319724749	0.00048270891084535583	COMPLETED
original_JCI_sural_severe_moderate	original_JCI_sural_severe_moderate	severity_neuron_residual	yellow	19	211	107	0.010154265408879393	0.012097734625763775	0.0019434692168843817	COMPLETED
original_hDRG_DPN_control	original_hDRG_DPN_control	late_allcell_residual	black	68	1236	1583	0.022891842812888568	0.0225072788683573	-0.00038456394453126666	COMPLETED
original_hDRG_DPN_control	original_hDRG_DPN_control	late_allcell_residual	blue	145	1229	1513	0.022891842812888568	0.022502144035076756	-0.0003896987778118123	COMPLETED
original_hDRG_DPN_control	original_hDRG_DPN_control	late_allcell_residual	brown	173	1244	1470	0.022891842812888568	0.02284607892831859	-4.576388456997704e-05	COMPLETED
original_hDRG_DPN_control	original_hDRG_DPN_control	late_allcell_residual	green	62	1282	1543	0.022891842812888568	0.02347438272925008	0.000582539916361511	COMPLETED
original_hDRG_DPN_control	original_hDRG_DPN_control	late_allcell_residual	magenta	17	1282	1588	0.022891842812888568	0.022894774028786914	2.931215898345496e-06	COMPLETED
original_hDRG_DPN_control	original_hDRG_DPN_control	late_allcell_residual	pink	42	1260	1585	0.022891842812888568	0.023047458443667186	0.00015561563077861815	COMPLETED
original_hDRG_DPN_control	original_hDRG_DPN_control	late_allcell_residual	red	71	1288	1528	0.022891842812888568	0.023283074330491635	0.0003912315176030669	COMPLETED
original_hDRG_DPN_control	original_hDRG_DPN_control	late_allcell_residual	turquoise	164	1170	1553	0.022891842812888568	0.023489971301703376	0.0005981284888148079	COMPLETED
original_hDRG_DPN_control	original_hDRG_DPN_control	late_allcell_residual	yellow	159	1188	1540	0.022891842812888568	0.022696672246612246	-0.00019517056627632243	COMPLETED
original_hDRG_DPN_control	original_hDRG_DPN_control	late_neuron_residual	black	5	74	193	0.001572722291509892	0.0013748723429278763	-0.00019784994858201583	COMPLETED
original_hDRG_DPN_control	original_hDRG_DPN_control	late_neuron_residual	blue	15	69	188	0.001572722291509892	-0.0016832132536594327	-0.0032559355451693248	COMPLETED
original_hDRG_DPN_control	original_hDRG_DPN_control	late_neuron_residual	brown	28	73	171	0.001572722291509892	-4.853331338775836e-05	-0.0016212556048976505	COMPLETED
original_hDRG_DPN_control	original_hDRG_DPN_control	late_neuron_residual	green	15	74	183	0.001572722291509892	0.0011429741926167504	-0.0004297480988931417	COMPLETED
original_hDRG_DPN_control	original_hDRG_DPN_control	late_neuron_residual	magenta	1	75	196	0.001572722291509892	0.0016029673824479156	3.024509093802353e-05	COMPLETED
original_hDRG_DPN_control	original_hDRG_DPN_control	late_neuron_residual	pink	3	75	194	0.001572722291509892	0.001497750749324696	-7.497154218519611e-05	COMPLETED
original_hDRG_DPN_control	original_hDRG_DPN_control	late_neuron_residual	red	9	72	191	0.001572722291509892	0.0013796239563012933	-0.00019309833520859878	COMPLETED
original_hDRG_DPN_control	original_hDRG_DPN_control	late_neuron_residual	turquoise	31	67	174	0.001572722291509892	0.0036884973444192186	0.0021157750529093265	COMPLETED
original_hDRG_DPN_control	original_hDRG_DPN_control	late_neuron_residual	yellow	11	73	188	0.001572722291509892	0.0023781422302284957	0.0008054199387186036	COMPLETED
original_hDRG_DPN_control	original_hDRG_DPN_control	late_shared_concordant_neuronal_core	black	4	45	78	0.03727446063565225	0.03739131838133182	0.00011685774567957163	COMPLETED
original_hDRG_DPN_control	original_hDRG_DPN_control	late_shared_concordant_neuronal_core	blue	8	43	76	0.03727446063565225	0.034134790437544825	-0.0031396701981074235	COMPLETED
original_hDRG_DPN_control	original_hDRG_DPN_control	late_shared_concordant_neuronal_core	brown	12	46	69	0.03727446063565225	0.03691934065350709	-0.00035511998214515783	COMPLETED
original_hDRG_DPN_control	original_hDRG_DPN_control	late_shared_concordant_neuronal_core	green	4	48	75	0.03727446063565225	0.038996579833771805	0.0017221191981195566	COMPLETED
original_hDRG_DPN_control	original_hDRG_DPN_control	late_shared_concordant_neuronal_core	magenta	1	47	79	0.03727446063565225	0.037321653586985824	4.719295133357587e-05	COMPLETED
original_hDRG_DPN_control	original_hDRG_DPN_control	late_shared_concordant_neuronal_core	pink	2	46	79	0.03727446063565225	0.03820633529282539	0.0009318746571731415	COMPLETED
original_hDRG_DPN_control	original_hDRG_DPN_control	late_shared_concordant_neuronal_core	red	2	48	77	0.03727446063565225	0.03787583800424846	0.0006013773685962093	COMPLETED
original_hDRG_DPN_control	original_hDRG_DPN_control	late_shared_concordant_neuronal_core	turquoise	11	42	74	0.03727446063565225	0.03908077124473186	0.0018063106090796116	COMPLETED
original_hDRG_DPN_control	original_hDRG_DPN_control	late_shared_concordant_neuronal_core	yellow	5	45	77	0.03727446063565225	0.03576532227467935	-0.0015091383609728976	COMPLETED
original_hDRG_DPN_control	original_hDRG_DPN_control	original_early_allcell	black	13	299	316	-0.00252312133240219	-0.0020884247769146795	0.00043469655548751063	COMPLETED
original_hDRG_DPN_control	original_hDRG_DPN_control	original_early_allcell	blue	52	293	283	-0.00252312133240219	-0.0006216973614609294	0.0019014239709412607	COMPLETED
original_hDRG_DPN_control	original_hDRG_DPN_control	original_early_allcell	brown	48	284	296	-0.00252312133240219	-0.0026378994767151023	-0.00011477814431291216	COMPLETED
original_hDRG_DPN_control	original_hDRG_DPN_control	original_early_allcell	green	29	276	323	-0.00252312133240219	-0.0031701234489207517	-0.0006470021165185615	COMPLETED
original_hDRG_DPN_control	original_hDRG_DPN_control	original_early_allcell	magenta	4	299	325	-0.00252312133240219	-0.0027409431839980503	-0.00021782185159586022	COMPLETED
original_hDRG_DPN_control	original_hDRG_DPN_control	original_early_allcell	pink	5	299	324	-0.00252312133240219	-0.002182035599929598	0.0003410857324725922	COMPLETED
original_hDRG_DPN_control	original_hDRG_DPN_control	original_early_allcell	red	16	294	318	-0.00252312133240219	-0.0036683562376140398	-0.0011452349052118497	COMPLETED
original_hDRG_DPN_control	original_hDRG_DPN_control	original_early_allcell	turquoise	74	249	305	-0.00252312133240219	-0.0035798173269600614	-0.0010566959945578712	COMPLETED
original_hDRG_DPN_control	original_hDRG_DPN_control	original_early_allcell	yellow	30	287	311	-0.00252312133240219	-0.0027166892994283784	-0.00019356796702618825	COMPLETED
original_hDRG_DPN_control	original_hDRG_DPN_control	original_late_allcell	black	72	1318	1692	0.02335549880337426	0.022998143468662746	-0.00035735533471151215	COMPLETED
original_hDRG_DPN_control	original_hDRG_DPN_control	original_late_allcell	blue	156	1306	1620	0.02335549880337426	0.02281624382188157	-0.0005392549814926886	COMPLETED
original_hDRG_DPN_control	original_hDRG_DPN_control	original_late_allcell	brown	187	1327	1568	0.02335549880337426	0.023312377769822347	-4.312103355191138e-05	COMPLETED
original_hDRG_DPN_control	original_hDRG_DPN_control	original_late_allcell	green	66	1367	1649	0.02335549880337426	0.023973410367294043	0.0006179115639197846	COMPLETED
original_hDRG_DPN_control	original_hDRG_DPN_control	original_late_allcell	magenta	18	1366	1698	0.02335549880337426	0.023357766254976382	2.2674516021239932e-06	COMPLETED
original_hDRG_DPN_control	original_hDRG_DPN_control	original_late_allcell	pink	45	1342	1695	0.02335549880337426	0.023480232790146105	0.00012473398677184666	COMPLETED
original_hDRG_DPN_control	original_hDRG_DPN_control	original_late_allcell	red	76	1372	1634	0.02335549880337426	0.023812985135155337	0.0004574863317810783	COMPLETED
original_hDRG_DPN_control	original_hDRG_DPN_control	original_late_allcell	turquoise	178	1246	1658	0.02335549880337426	0.024007153111081633	0.000651654307707375	COMPLETED
original_hDRG_DPN_control	original_hDRG_DPN_control	original_late_allcell	yellow	169	1265	1648	0.02335549880337426	0.023039329499150468	-0.0003161693042237901	COMPLETED
original_hDRG_DPN_control	original_hDRG_DPN_control	original_late_neuron	black	9	126	294	0.010691270352071087	0.010470792685211313	-0.00022047766685977417	COMPLETED
original_hDRG_DPN_control	original_hDRG_DPN_control	original_late_neuron	blue	24	119	286	0.010691270352071087	0.00772168115430862	-0.002969589197762467	COMPLETED
original_hDRG_DPN_control	original_hDRG_DPN_control	original_late_neuron	brown	41	125	263	0.010691270352071087	0.009467805999016546	-0.001223464353054541	COMPLETED
original_hDRG_DPN_control	original_hDRG_DPN_control	original_late_neuron	green	19	129	281	0.010691270352071087	0.010930596312057323	0.00023932595998623664	COMPLETED
original_hDRG_DPN_control	original_hDRG_DPN_control	original_late_neuron	magenta	2	129	298	0.010691270352071087	0.010702921426025329	1.1651073954241711e-05	COMPLETED
original_hDRG_DPN_control	original_hDRG_DPN_control	original_late_neuron	pink	6	128	295	0.010691270352071087	0.0112065461367055	0.0005152757846344138	COMPLETED
original_hDRG_DPN_control	original_hDRG_DPN_control	original_late_neuron	red	13	125	291	0.010691270352071087	0.010361684638466314	-0.0003295857136047728	COMPLETED
original_hDRG_DPN_control	original_hDRG_DPN_control	original_late_neuron	turquoise	43	116	270	0.010691270352071087	0.012525565874715256	0.001834295522644169	COMPLETED
original_hDRG_DPN_control	original_hDRG_DPN_control	original_late_neuron	yellow	21	125	283	0.010691270352071087	0.01119988992494943	0.0005086195728783438	COMPLETED
original_hDRG_DPN_control	original_hDRG_DPN_control	original_severity	black	2	314	132	0.007691667502786271	0.007989780381014916	0.00029811287822864487	COMPLETED
original_hDRG_DPN_control	original_hDRG_DPN_control	original_severity	blue	37	299	112	0.007691667502786271	0.009622256625630222	0.001930589122843951	COMPLETED
original_hDRG_DPN_control	original_hDRG_DPN_control	original_severity	brown	28	302	118	0.007691667502786271	0.008510355033421067	0.0008186875306347959	COMPLETED
original_hDRG_DPN_control	original_hDRG_DPN_control	original_severity	green	14	303	131	0.007691667502786271	0.007235026341648408	-0.0004566411611378633	COMPLETED
original_hDRG_DPN_control	original_hDRG_DPN_control	original_severity	magenta	3	311	134	0.007691667502786271	0.007633136385148544	-5.853111763772737e-05	COMPLETED
original_hDRG_DPN_control	original_hDRG_DPN_control	original_severity	pink	3	312	133	0.007691667502786271	0.007659474357665284	-3.219314512098708e-05	COMPLETED
original_hDRG_DPN_control	original_hDRG_DPN_control	original_severity	red	10	310	128	0.007691667502786271	0.00783138158438463	0.00013971408159835826	COMPLETED
original_hDRG_DPN_control	original_hDRG_DPN_control	original_severity	turquoise	36	281	131	0.007691667502786271	0.007085260446756111	-0.0006064070560301603	COMPLETED
original_hDRG_DPN_control	original_hDRG_DPN_control	original_severity	yellow	24	302	122	0.007691667502786271	0.008393529805548196	0.000701862302761925	COMPLETED
original_hDRG_DPN_control	original_hDRG_DPN_control	original_xenium	black	2	16	41	0.018578071597273142	0.018520336480928917	-5.773511634422565e-05	COMPLETED
original_hDRG_DPN_control	original_hDRG_DPN_control	original_xenium	blue	4	16	39	0.018578071597273142	0.02636323126060156	0.007785159663328416	COMPLETED
original_hDRG_DPN_control	original_hDRG_DPN_control	original_xenium	brown	1	16	42	0.018578071597273142	0.017721095487505587	-0.000856976109767555	COMPLETED
original_hDRG_DPN_control	original_hDRG_DPN_control	original_xenium	pink	1	16	42	0.018578071597273142	0.019096084821156736	0.0005180132238835934	COMPLETED
original_hDRG_DPN_control	original_hDRG_DPN_control	original_xenium	red	1	16	42	0.018578071597273142	0.016287738012375527	-0.002290333584897615	COMPLETED
original_hDRG_DPN_control	original_hDRG_DPN_control	original_xenium	turquoise	3	16	40	0.018578071597273142	0.020772511637779933	0.0021944400405067913	COMPLETED
original_hDRG_DPN_control	original_hDRG_DPN_control	original_xenium	yellow	5	15	39	0.018578071597273142	0.018150876157718116	-0.00042719543955502606	COMPLETED
original_hDRG_DPN_control	original_hDRG_DPN_control	severity_neuron_residual	black	2	219	116	0.008988690922364947	0.009328865424848126	0.0003401745024831787	COMPLETED
original_hDRG_DPN_control	original_hDRG_DPN_control	severity_neuron_residual	blue	31	208	98	0.008988690922364947	0.011112387011970107	0.0021236960896051597	COMPLETED
original_hDRG_DPN_control	original_hDRG_DPN_control	severity_neuron_residual	brown	23	210	104	0.008988690922364947	0.009373628416936253	0.0003849374945713059	COMPLETED
original_hDRG_DPN_control	original_hDRG_DPN_control	severity_neuron_residual	green	11	211	115	0.008988690922364947	0.00860979128893147	-0.0003788996334334778	COMPLETED
original_hDRG_DPN_control	original_hDRG_DPN_control	severity_neuron_residual	magenta	2	217	118	0.008988690922364947	0.008984463112935458	-4.227809429489457e-06	COMPLETED
original_hDRG_DPN_control	original_hDRG_DPN_control	severity_neuron_residual	pink	2	218	117	0.008988690922364947	0.008957080323250405	-3.161059911454232e-05	COMPLETED
original_hDRG_DPN_control	original_hDRG_DPN_control	severity_neuron_residual	red	8	217	112	0.008988690922364947	0.00905692733035579	6.823640799084353e-05	COMPLETED
original_hDRG_DPN_control	original_hDRG_DPN_control	severity_neuron_residual	turquoise	27	195	115	0.008988690922364947	0.008238250140482262	-0.0007504407818826851	COMPLETED
original_hDRG_DPN_control	original_hDRG_DPN_control	severity_neuron_residual	yellow	19	211	107	0.008988690922364947	0.009592165336158	0.0006034744137930533	COMPLETED
