geo_accession	sample_id	donor_id	DRG_ID	module_id	program	whole_section_score	measured_up	measured_down
GSM8943583	sam-UTD-DN0003-DRG-4	sub-UTD-DN0003	sam-UTD-DN0003-DRG	late_allcell_residual	P8	-0.022196254551974545	1205	1503
GSM8943583	sam-UTD-DN0003-DRG-4	sub-UTD-DN0003	sam-UTD-DN0003-DRG	late_neuron_residual	P7	0.01182611113223026	69	190
GSM8943583	sam-UTD-DN0003-DRG-4	sub-UTD-DN0003	sam-UTD-DN0003-DRG	late_shared_concordant_neuronal_core	P6	-0.01637256551258786	43	77
GSM8943583	sam-UTD-DN0003-DRG-4	sub-UTD-DN0003	sam-UTD-DN0003-DRG	original_early_allcell	P1	-0.02649496683967607	288	320
GSM8943583	sam-UTD-DN0003-DRG-4	sub-UTD-DN0003	sam-UTD-DN0003-DRG	original_late_allcell	P2	-0.021540145806068247	1281	1611
GSM8943583	sam-UTD-DN0003-DRG-4	sub-UTD-DN0003	sam-UTD-DN0003-DRG	original_late_neuron	P3	-0.0025314941160231256	119	287
GSM8943583	sam-UTD-DN0003-DRG-4	sub-UTD-DN0003	sam-UTD-DN0003-DRG	original_severity	P4	-0.08252270623732416	304	131
GSM8943583	sam-UTD-DN0003-DRG-4	sub-UTD-DN0003	sam-UTD-DN0003-DRG	original_xenium	P5	0.033861664917875955	16	42
GSM8943583	sam-UTD-DN0003-DRG-4	sub-UTD-DN0003	sam-UTD-DN0003-DRG	severity_neuron_residual	P10	-0.08733101378620343	208	116
GSM8943584	sam-UTD-DN0003-DRG-8	sub-UTD-DN0003	sam-UTD-DN0003-DRG	late_allcell_residual	P8	-0.04680338092370495	1229	1528
GSM8943584	sam-UTD-DN0003-DRG-8	sub-UTD-DN0003	sam-UTD-DN0003-DRG	late_neuron_residual	P7	0.008837395583657762	71	192
GSM8943584	sam-UTD-DN0003-DRG-8	sub-UTD-DN0003	sam-UTD-DN0003-DRG	late_shared_concordant_neuronal_core	P6	-0.032290646062925664	43	77
GSM8943584	sam-UTD-DN0003-DRG-8	sub-UTD-DN0003	sam-UTD-DN0003-DRG	original_early_allcell	P1	-0.03540146711052333	291	321
GSM8943584	sam-UTD-DN0003-DRG-8	sub-UTD-DN0003	sam-UTD-DN0003-DRG	original_late_allcell	P2	-0.045456273625939576	1306	1636
GSM8943584	sam-UTD-DN0003-DRG-8	sub-UTD-DN0003	sam-UTD-DN0003-DRG	original_late_neuron	P3	-0.010536821229401555	121	290
GSM8943584	sam-UTD-DN0003-DRG-8	sub-UTD-DN0003	sam-UTD-DN0003-DRG	original_severity	P4	-0.11603862990052823	304	132
GSM8943584	sam-UTD-DN0003-DRG-8	sub-UTD-DN0003	sam-UTD-DN0003-DRG	original_xenium	P5	0.03470775543342289	16	42
GSM8943584	sam-UTD-DN0003-DRG-8	sub-UTD-DN0003	sam-UTD-DN0003-DRG	severity_neuron_residual	P10	-0.12267439705427474	208	117
GSM8943585	sam-UTD-180714DHB-DRGL4-1	sub-UTD-180714DHB	sam-UTD-180714DHB-DRGL4	late_allcell_residual	P8	-0.024575575840187765	1241	1555
GSM8943585	sam-UTD-180714DHB-DRGL4-1	sub-UTD-180714DHB	sam-UTD-180714DHB-DRGL4	late_neuron_residual	P7	0.02198956945224078	74	197
GSM8943585	sam-UTD-180714DHB-DRGL4-1	sub-UTD-180714DHB	sam-UTD-180714DHB-DRGL4	late_shared_concordant_neuronal_core	P6	-0.016282087647799884	47	77
GSM8943585	sam-UTD-180714DHB-DRGL4-1	sub-UTD-180714DHB	sam-UTD-180714DHB-DRGL4	original_early_allcell	P1	-0.03157254985606678	300	328
GSM8943585	sam-UTD-180714DHB-DRGL4-1	sub-UTD-180714DHB	sam-UTD-180714DHB-DRGL4	original_late_allcell	P2	-0.023915803633584563	1323	1663
GSM8943585	sam-UTD-180714DHB-DRGL4-1	sub-UTD-180714DHB	sam-UTD-180714DHB-DRGL4	original_late_neuron	P3	0.005366178621880915	128	294
GSM8943585	sam-UTD-180714DHB-DRGL4-1	sub-UTD-180714DHB	sam-UTD-180714DHB-DRGL4	original_severity	P4	-0.07409293937795758	314	134
GSM8943585	sam-UTD-180714DHB-DRGL4-1	sub-UTD-180714DHB	sam-UTD-180714DHB-DRGL4	original_xenium	P5	0.04990690531127152	17	40
GSM8943585	sam-UTD-180714DHB-DRGL4-1	sub-UTD-180714DHB	sam-UTD-180714DHB-DRGL4	severity_neuron_residual	P10	-0.07820942188090038	218	118
GSM8943586	sam-UTD-180714DHB-DRGL4-5	sub-UTD-180714DHB	sam-UTD-180714DHB-DRGL4	late_allcell_residual	P8	-0.0309193623003864	1257	1564
GSM8943586	sam-UTD-180714DHB-DRGL4-5	sub-UTD-180714DHB	sam-UTD-180714DHB-DRGL4	late_neuron_residual	P7	0.025845749195869846	74	197
GSM8943586	sam-UTD-180714DHB-DRGL4-5	sub-UTD-180714DHB	sam-UTD-180714DHB-DRGL4	late_shared_concordant_neuronal_core	P6	-0.015807035549810233	45	77
GSM8943586	sam-UTD-180714DHB-DRGL4-5	sub-UTD-180714DHB	sam-UTD-180714DHB-DRGL4	original_early_allcell	P1	-0.0442721128825908	300	327
GSM8943586	sam-UTD-180714DHB-DRGL4-5	sub-UTD-180714DHB	sam-UTD-180714DHB-DRGL4	original_late_allcell	P2	-0.02997780474954006	1338	1672
GSM8943586	sam-UTD-180714DHB-DRGL4-5	sub-UTD-180714DHB	sam-UTD-180714DHB-DRGL4	original_late_neuron	P3	0.007722185077781813	126	295
GSM8943586	sam-UTD-180714DHB-DRGL4-5	sub-UTD-180714DHB	sam-UTD-180714DHB-DRGL4	original_severity	P4	-0.0938760726844915	314	134
GSM8943586	sam-UTD-180714DHB-DRGL4-5	sub-UTD-180714DHB	sam-UTD-180714DHB-DRGL4	original_xenium	P5	0.06666616069151554	17	41
GSM8943586	sam-UTD-180714DHB-DRGL4-5	sub-UTD-180714DHB	sam-UTD-180714DHB-DRGL4	severity_neuron_residual	P10	-0.10033851518365418	219	118
GSM8943587	sam-UTD-181030DHB-1L4-3	sub-UTD-181030DHB	sam-UTD-181030DHB-1L4	late_allcell_residual	P8	-0.0428447558513713	1245	1564
GSM8943587	sam-UTD-181030DHB-1L4-3	sub-UTD-181030DHB	sam-UTD-181030DHB-1L4	late_neuron_residual	P7	0.017001893781077144	73	197
GSM8943587	sam-UTD-181030DHB-1L4-3	sub-UTD-181030DHB	sam-UTD-181030DHB-1L4	late_shared_concordant_neuronal_core	P6	-0.029362414497980934	44	77
GSM8943587	sam-UTD-181030DHB-1L4-3	sub-UTD-181030DHB	sam-UTD-181030DHB-1L4	original_early_allcell	P1	-0.029068912485576293	301	326
GSM8943587	sam-UTD-181030DHB-1L4-3	sub-UTD-181030DHB	sam-UTD-181030DHB-1L4	original_late_allcell	P2	-0.041953965769173485	1325	1672
GSM8943587	sam-UTD-181030DHB-1L4-3	sub-UTD-181030DHB	sam-UTD-181030DHB-1L4	original_late_neuron	P3	-0.0007158059187276515	124	295
GSM8943587	sam-UTD-181030DHB-1L4-3	sub-UTD-181030DHB	sam-UTD-181030DHB-1L4	original_severity	P4	-0.0968778435592448	312	133
GSM8943587	sam-UTD-181030DHB-1L4-3	sub-UTD-181030DHB	sam-UTD-181030DHB-1L4	original_xenium	P5	0.048114106000432574	17	42
GSM8943587	sam-UTD-181030DHB-1L4-3	sub-UTD-181030DHB	sam-UTD-181030DHB-1L4	severity_neuron_residual	P10	-0.10167433191326981	216	118
GSM8943588	sam-UTD-181030DHB-1L4-7	sub-UTD-181030DHB	sam-UTD-181030DHB-1L4	late_allcell_residual	P8	-0.059186426369865666	1265	1572
GSM8943588	sam-UTD-181030DHB-1L4-7	sub-UTD-181030DHB	sam-UTD-181030DHB-1L4	late_neuron_residual	P7	0.02014782015298101	75	198
GSM8943588	sam-UTD-181030DHB-1L4-7	sub-UTD-181030DHB	sam-UTD-181030DHB-1L4	late_shared_concordant_neuronal_core	P6	-0.036362745016872186	44	77
GSM8943588	sam-UTD-181030DHB-1L4-7	sub-UTD-181030DHB	sam-UTD-181030DHB-1L4	original_early_allcell	P1	-0.037019182574284465	301	327
GSM8943588	sam-UTD-181030DHB-1L4-7	sub-UTD-181030DHB	sam-UTD-181030DHB-1L4	original_late_allcell	P2	-0.05785290485801103	1345	1680
GSM8943588	sam-UTD-181030DHB-1L4-7	sub-UTD-181030DHB	sam-UTD-181030DHB-1L4	original_late_neuron	P3	-8.744247420514834e-05	126	297
GSM8943588	sam-UTD-181030DHB-1L4-7	sub-UTD-181030DHB	sam-UTD-181030DHB-1L4	original_severity	P4	-0.11180014668073787	313	134
GSM8943588	sam-UTD-181030DHB-1L4-7	sub-UTD-181030DHB	sam-UTD-181030DHB-1L4	original_xenium	P5	0.06686215715785218	17	42
GSM8943588	sam-UTD-181030DHB-1L4-7	sub-UTD-181030DHB	sam-UTD-181030DHB-1L4	severity_neuron_residual	P10	-0.12021292921802819	217	118
GSM8943589	sam-UTD-181030DHB-2L4-2	sub-UTD-181030DHB	sam-UTD-181030DHB-2L4	late_allcell_residual	P8	-0.04182392773498703	1267	1573
GSM8943589	sam-UTD-181030DHB-2L4-2	sub-UTD-181030DHB	sam-UTD-181030DHB-2L4	late_neuron_residual	P7	0.01931415159780763	74	197
GSM8943589	sam-UTD-181030DHB-2L4-2	sub-UTD-181030DHB	sam-UTD-181030DHB-2L4	late_shared_concordant_neuronal_core	P6	-0.024263909809714466	46	78
GSM8943589	sam-UTD-181030DHB-2L4-2	sub-UTD-181030DHB	sam-UTD-181030DHB-2L4	original_early_allcell	P1	-0.02825672564933798	302	328
GSM8943589	sam-UTD-181030DHB-2L4-2	sub-UTD-181030DHB	sam-UTD-181030DHB-2L4	original_late_allcell	P2	-0.04078307542652736	1349	1682
GSM8943589	sam-UTD-181030DHB-2L4-2	sub-UTD-181030DHB	sam-UTD-181030DHB-2L4	original_late_neuron	P3	0.0020578215209038184	127	296
GSM8943589	sam-UTD-181030DHB-2L4-2	sub-UTD-181030DHB	sam-UTD-181030DHB-2L4	original_severity	P4	-0.09462886863693919	314	134
GSM8943589	sam-UTD-181030DHB-2L4-2	sub-UTD-181030DHB	sam-UTD-181030DHB-2L4	original_xenium	P5	0.06779421220870713	17	42
GSM8943589	sam-UTD-181030DHB-2L4-2	sub-UTD-181030DHB	sam-UTD-181030DHB-2L4	severity_neuron_residual	P10	-0.10167747355447194	218	118
GSM8943590	sam-UTD-181030DHB-2L4-6	sub-UTD-181030DHB	sam-UTD-181030DHB-2L4	late_allcell_residual	P8	-0.048027201454824614	1269	1574
GSM8943590	sam-UTD-181030DHB-2L4-6	sub-UTD-181030DHB	sam-UTD-181030DHB-2L4	late_neuron_residual	P7	0.019182524174124665	73	197
GSM8943590	sam-UTD-181030DHB-2L4-6	sub-UTD-181030DHB	sam-UTD-181030DHB-2L4	late_shared_concordant_neuronal_core	P6	-0.028049945762140188	45	77
GSM8943590	sam-UTD-181030DHB-2L4-6	sub-UTD-181030DHB	sam-UTD-181030DHB-2L4	original_early_allcell	P1	-0.033402023476612815	302	328
GSM8943590	sam-UTD-181030DHB-2L4-6	sub-UTD-181030DHB	sam-UTD-181030DHB-2L4	original_late_allcell	P2	-0.04679856303093574	1350	1682
GSM8943590	sam-UTD-181030DHB-2L4-6	sub-UTD-181030DHB	sam-UTD-181030DHB-2L4	original_late_neuron	P3	0.0006488289261919728	125	296
GSM8943590	sam-UTD-181030DHB-2L4-6	sub-UTD-181030DHB	sam-UTD-181030DHB-2L4	original_severity	P4	-0.1077150108788407	314	134
GSM8943590	sam-UTD-181030DHB-2L4-6	sub-UTD-181030DHB	sam-UTD-181030DHB-2L4	original_xenium	P5	0.0714738955052395	17	42
GSM8943590	sam-UTD-181030DHB-2L4-6	sub-UTD-181030DHB	sam-UTD-181030DHB-2L4	severity_neuron_residual	P10	-0.11585959122213096	218	118
GSM8943591	sam-UTD-DN0134-DRGL3-S1-1	sub-UTD-DN0134	sam-UTD-DN0134-DRGL3	late_allcell_residual	P8	-0.024751769624949866	1261	1560
GSM8943591	sam-UTD-DN0134-DRGL3-S1-1	sub-UTD-DN0134	sam-UTD-DN0134-DRGL3	late_neuron_residual	P7	0.014197043007812183	74	197
GSM8943591	sam-UTD-DN0134-DRGL3-S1-1	sub-UTD-DN0134	sam-UTD-DN0134-DRGL3	late_shared_concordant_neuronal_core	P6	-0.017222964974091225	46	78
GSM8943591	sam-UTD-DN0134-DRGL3-S1-1	sub-UTD-DN0134	sam-UTD-DN0134-DRGL3	original_early_allcell	P1	-0.015530415656997055	301	329
GSM8943591	sam-UTD-DN0134-DRGL3-S1-1	sub-UTD-DN0134	sam-UTD-DN0134-DRGL3	original_late_allcell	P2	-0.02414717818809365	1344	1669
GSM8943591	sam-UTD-DN0134-DRGL3-S1-1	sub-UTD-DN0134	sam-UTD-DN0134-DRGL3	original_late_neuron	P3	0.001613994777679868	127	298
GSM8943591	sam-UTD-DN0134-DRGL3-S1-1	sub-UTD-DN0134	sam-UTD-DN0134-DRGL3	original_severity	P4	-0.06536981813407121	315	134
GSM8943591	sam-UTD-DN0134-DRGL3-S1-1	sub-UTD-DN0134	sam-UTD-DN0134-DRGL3	original_xenium	P5	0.025981540053966662	17	42
GSM8943591	sam-UTD-DN0134-DRGL3-S1-1	sub-UTD-DN0134	sam-UTD-DN0134-DRGL3	severity_neuron_residual	P10	-0.06979831288547766	219	118
GSM8943592	sam-UTD-DN0134-DRGL3-S1-2	sub-UTD-DN0134	sam-UTD-DN0134-DRGL3	late_allcell_residual	P8	-0.035880864964884185	1270	1572
GSM8943592	sam-UTD-DN0134-DRGL3-S1-2	sub-UTD-DN0134	sam-UTD-DN0134-DRGL3	late_neuron_residual	P7	0.0187060556639496	73	198
GSM8943592	sam-UTD-DN0134-DRGL3-S1-2	sub-UTD-DN0134	sam-UTD-DN0134-DRGL3	late_shared_concordant_neuronal_core	P6	-0.02407757774198824	46	78
GSM8943592	sam-UTD-DN0134-DRGL3-S1-2	sub-UTD-DN0134	sam-UTD-DN0134-DRGL3	original_early_allcell	P1	-0.02473394437420986	302	329
GSM8943592	sam-UTD-DN0134-DRGL3-S1-2	sub-UTD-DN0134	sam-UTD-DN0134-DRGL3	original_late_allcell	P2	-0.03509701559714198	1353	1681
GSM8943592	sam-UTD-DN0134-DRGL3-S1-2	sub-UTD-DN0134	sam-UTD-DN0134-DRGL3	original_late_neuron	P3	0.0018744720567618713	126	299
GSM8943592	sam-UTD-DN0134-DRGL3-S1-2	sub-UTD-DN0134	sam-UTD-DN0134-DRGL3	original_severity	P4	-0.0898992596408809	315	134
GSM8943592	sam-UTD-DN0134-DRGL3-S1-2	sub-UTD-DN0134	sam-UTD-DN0134-DRGL3	original_xenium	P5	0.040814797314404176	17	42
GSM8943592	sam-UTD-DN0134-DRGL3-S1-2	sub-UTD-DN0134	sam-UTD-DN0134-DRGL3	severity_neuron_residual	P10	-0.09726181100609516	219	118
GSM8943593	sam-UTD-DN0134-DRGL3-S1-3	sub-UTD-DN0134	sam-UTD-DN0134-DRGL3	late_allcell_residual	P8	-0.0370548138349727	1274	1573
GSM8943593	sam-UTD-DN0134-DRGL3-S1-3	sub-UTD-DN0134	sam-UTD-DN0134-DRGL3	late_neuron_residual	P7	0.01888479862997869	74	197
GSM8943593	sam-UTD-DN0134-DRGL3-S1-3	sub-UTD-DN0134	sam-UTD-DN0134-DRGL3	late_shared_concordant_neuronal_core	P6	-0.024113023651337613	46	78
GSM8943593	sam-UTD-DN0134-DRGL3-S1-3	sub-UTD-DN0134	sam-UTD-DN0134-DRGL3	original_early_allcell	P1	-0.023370788342478833	300	327
GSM8943593	sam-UTD-DN0134-DRGL3-S1-3	sub-UTD-DN0134	sam-UTD-DN0134-DRGL3	original_late_allcell	P2	-0.03625029806277246	1357	1682
GSM8943593	sam-UTD-DN0134-DRGL3-S1-3	sub-UTD-DN0134	sam-UTD-DN0134-DRGL3	original_late_neuron	P3	0.00267703494497513	127	298
GSM8943593	sam-UTD-DN0134-DRGL3-S1-3	sub-UTD-DN0134	sam-UTD-DN0134-DRGL3	original_severity	P4	-0.07980962629272736	315	134
GSM8943593	sam-UTD-DN0134-DRGL3-S1-3	sub-UTD-DN0134	sam-UTD-DN0134-DRGL3	original_xenium	P5	0.03302657948100417	17	41
GSM8943593	sam-UTD-DN0134-DRGL3-S1-3	sub-UTD-DN0134	sam-UTD-DN0134-DRGL3	severity_neuron_residual	P10	-0.08733297800030793	219	118
GSM8943594	sam-UTD-DN0095-DRGL3-S2-1	sub-UTD-DN0095	sam-UTD-DN0095-DRGL3	late_allcell_residual	P8	-0.01375671141031591	1265	1541
GSM8943594	sam-UTD-DN0095-DRGL3-S2-1	sub-UTD-DN0095	sam-UTD-DN0095-DRGL3	late_neuron_residual	P7	0.019371694970495772	70	197
GSM8943594	sam-UTD-DN0095-DRGL3-S2-1	sub-UTD-DN0095	sam-UTD-DN0095-DRGL3	late_shared_concordant_neuronal_core	P6	-0.005986792134182763	44	76
GSM8943594	sam-UTD-DN0095-DRGL3-S2-1	sub-UTD-DN0095	sam-UTD-DN0095-DRGL3	original_early_allcell	P1	-0.025209968695766704	299	328
GSM8943594	sam-UTD-DN0095-DRGL3-S2-1	sub-UTD-DN0095	sam-UTD-DN0095-DRGL3	original_late_allcell	P2	-0.013210469821846328	1345	1648
GSM8943594	sam-UTD-DN0095-DRGL3-S2-1	sub-UTD-DN0095	sam-UTD-DN0095-DRGL3	original_late_neuron	P3	0.0073102259628021315	121	295
GSM8943594	sam-UTD-DN0095-DRGL3-S2-1	sub-UTD-DN0095	sam-UTD-DN0095-DRGL3	original_severity	P4	-0.061259478141413415	313	134
GSM8943594	sam-UTD-DN0095-DRGL3-S2-1	sub-UTD-DN0095	sam-UTD-DN0095-DRGL3	original_xenium	P5	0.009803386193604402	17	42
GSM8943594	sam-UTD-DN0095-DRGL3-S2-1	sub-UTD-DN0095	sam-UTD-DN0095-DRGL3	severity_neuron_residual	P10	-0.06392868437180353	218	118
GSM8943595	sam-UTD-DN0095-DRGL3-S2-2	sub-UTD-DN0095	sam-UTD-DN0095-DRGL3	late_allcell_residual	P8	-0.012718466954081012	1261	1549
GSM8943595	sam-UTD-DN0095-DRGL3-S2-2	sub-UTD-DN0095	sam-UTD-DN0095-DRGL3	late_neuron_residual	P7	0.017297638183872317	72	194
GSM8943595	sam-UTD-DN0095-DRGL3-S2-2	sub-UTD-DN0095	sam-UTD-DN0095-DRGL3	late_shared_concordant_neuronal_core	P6	-0.005109266170883293	43	77
GSM8943595	sam-UTD-DN0095-DRGL3-S2-2	sub-UTD-DN0095	sam-UTD-DN0095-DRGL3	original_early_allcell	P1	-0.022379102710525782	300	329
GSM8943595	sam-UTD-DN0095-DRGL3-S2-2	sub-UTD-DN0095	sam-UTD-DN0095-DRGL3	original_late_allcell	P2	-0.01221207532138982	1340	1657
GSM8943595	sam-UTD-DN0095-DRGL3-S2-2	sub-UTD-DN0095	sam-UTD-DN0095-DRGL3	original_late_neuron	P3	0.007072519782259591	122	293
GSM8943595	sam-UTD-DN0095-DRGL3-S2-2	sub-UTD-DN0095	sam-UTD-DN0095-DRGL3	original_severity	P4	-0.057110399961377775	313	133
GSM8943595	sam-UTD-DN0095-DRGL3-S2-2	sub-UTD-DN0095	sam-UTD-DN0095-DRGL3	original_xenium	P5	0.012410208638472624	17	42
GSM8943595	sam-UTD-DN0095-DRGL3-S2-2	sub-UTD-DN0095	sam-UTD-DN0095-DRGL3	severity_neuron_residual	P10	-0.05960844369586744	218	117
GSM8943596	sam-UTD-DN0095-DRGL3-S2-3	sub-UTD-DN0095	sam-UTD-DN0095-DRGL3	late_allcell_residual	P8	-0.019162330847800654	1266	1561
GSM8943596	sam-UTD-DN0095-DRGL3-S2-3	sub-UTD-DN0095	sam-UTD-DN0095-DRGL3	late_neuron_residual	P7	0.02259517189172689	72	197
GSM8943596	sam-UTD-DN0095-DRGL3-S2-3	sub-UTD-DN0095	sam-UTD-DN0095-DRGL3	late_shared_concordant_neuronal_core	P6	-0.007765198441314244	44	78
GSM8943596	sam-UTD-DN0095-DRGL3-S2-3	sub-UTD-DN0095	sam-UTD-DN0095-DRGL3	original_early_allcell	P1	-0.029684283390061583	300	329
GSM8943596	sam-UTD-DN0095-DRGL3-S2-3	sub-UTD-DN0095	sam-UTD-DN0095-DRGL3	original_late_allcell	P2	-0.018501437627560027	1346	1670
GSM8943596	sam-UTD-DN0095-DRGL3-S2-3	sub-UTD-DN0095	sam-UTD-DN0095-DRGL3	original_late_neuron	P3	0.009353809417034484	123	298
GSM8943596	sam-UTD-DN0095-DRGL3-S2-3	sub-UTD-DN0095	sam-UTD-DN0095-DRGL3	original_severity	P4	-0.06732659377645059	312	134
GSM8943596	sam-UTD-DN0095-DRGL3-S2-3	sub-UTD-DN0095	sam-UTD-DN0095-DRGL3	original_xenium	P5	0.006696148164798609	17	42
GSM8943596	sam-UTD-DN0095-DRGL3-S2-3	sub-UTD-DN0095	sam-UTD-DN0095-DRGL3	severity_neuron_residual	P10	-0.07130516017039837	217	118
GSM8943597	sam-UTD-DN0106-DRGL-S5-1	sub-UTD-DN0106	sam-UTD-DN0106-DRGL	late_allcell_residual	P8	-0.009971369753367628	1249	1541
GSM8943597	sam-UTD-DN0106-DRGL-S5-1	sub-UTD-DN0106	sam-UTD-DN0106-DRGL	late_neuron_residual	P7	0.007867093088966918	71	194
GSM8943597	sam-UTD-DN0106-DRGL-S5-1	sub-UTD-DN0106	sam-UTD-DN0106-DRGL	late_shared_concordant_neuronal_core	P6	-0.007101956169940971	43	76
GSM8943597	sam-UTD-DN0106-DRGL-S5-1	sub-UTD-DN0106	sam-UTD-DN0106-DRGL	original_early_allcell	P1	-0.00546443603606664	293	327
GSM8943597	sam-UTD-DN0106-DRGL-S5-1	sub-UTD-DN0106	sam-UTD-DN0106-DRGL	original_late_allcell	P2	-0.009672663692295124	1327	1648
GSM8943597	sam-UTD-DN0106-DRGL-S5-1	sub-UTD-DN0106	sam-UTD-DN0106-DRGL	original_late_neuron	P3	0.0014440078819282572	121	292
GSM8943597	sam-UTD-DN0106-DRGL-S5-1	sub-UTD-DN0106	sam-UTD-DN0106-DRGL	original_severity	P4	-0.028423201411707445	312	134
GSM8943597	sam-UTD-DN0106-DRGL-S5-1	sub-UTD-DN0106	sam-UTD-DN0106-DRGL	original_xenium	P5	0.030734226785054147	17	40
GSM8943597	sam-UTD-DN0106-DRGL-S5-1	sub-UTD-DN0106	sam-UTD-DN0106-DRGL	severity_neuron_residual	P10	-0.030362410168920446	218	118
GSM8943598	sam-UTD-DN0106-DRGL-S5-2	sub-UTD-DN0106	sam-UTD-DN0106-DRGL	late_allcell_residual	P8	-0.012129024639018446	1249	1542
GSM8943598	sam-UTD-DN0106-DRGL-S5-2	sub-UTD-DN0106	sam-UTD-DN0106-DRGL	late_neuron_residual	P7	0.010680853761078591	71	196
GSM8943598	sam-UTD-DN0106-DRGL-S5-2	sub-UTD-DN0106	sam-UTD-DN0106-DRGL	late_shared_concordant_neuronal_core	P6	-0.0073182477088132485	42	77
GSM8943598	sam-UTD-DN0106-DRGL-S5-2	sub-UTD-DN0106	sam-UTD-DN0106-DRGL	original_early_allcell	P1	-0.008570515515820205	293	326
GSM8943598	sam-UTD-DN0106-DRGL-S5-2	sub-UTD-DN0106	sam-UTD-DN0106-DRGL	original_late_allcell	P2	-0.011739339802930088	1325	1650
GSM8943598	sam-UTD-DN0106-DRGL-S5-2	sub-UTD-DN0106	sam-UTD-DN0106-DRGL	original_late_neuron	P3	0.0034730760500307355	120	294
GSM8943598	sam-UTD-DN0106-DRGL-S5-2	sub-UTD-DN0106	sam-UTD-DN0106-DRGL	original_severity	P4	-0.03313913964307907	313	134
GSM8943598	sam-UTD-DN0106-DRGL-S5-2	sub-UTD-DN0106	sam-UTD-DN0106-DRGL	original_xenium	P5	0.02610099799447005	17	41
GSM8943598	sam-UTD-DN0106-DRGL-S5-2	sub-UTD-DN0106	sam-UTD-DN0106-DRGL	severity_neuron_residual	P10	-0.035737817397698046	218	118
