program	symptom	n	status	treatment_levels	interaction_df	wald_chisq	P_omnibus	residual_df	BH_q_omnibus
P1	npsi_total	95	COMPLETED	Placebo|AZD2423 150 mg|AZD2423 20 mg	2.0	1.03111871269602	0.597166472323125	85.0	0.99812968222788
P1	average_pain_nrs	101	COMPLETED	Placebo|AZD2423 150 mg|AZD2423 20 mg	2.0	1.63233258069906	0.442123382314874	91.0	0.99812968222788
P1	worst_pain_nrs	101	COMPLETED	Placebo|AZD2423 150 mg|AZD2423 20 mg	2.0	0.735749283911431	0.692203949583456	91.0	0.99812968222788
P1	burning_superficial	95	COMPLETED	Placebo|AZD2423 150 mg|AZD2423 20 mg	2.0	0.92474651672551	0.629787222717271	85.0	0.99812968222788
P1	pressing_deep	95	COMPLETED	Placebo|AZD2423 150 mg|AZD2423 20 mg	2.0	0.217253174787361	0.89706533046707	85.0	0.99812968222788
P1	paroxysmal	95	COMPLETED	Placebo|AZD2423 150 mg|AZD2423 20 mg	2.0	2.32144943619634	0.313259074077939	85.0	0.99812968222788
P1	evoked	95	COMPLETED	Placebo|AZD2423 150 mg|AZD2423 20 mg	2.0	1.23189147820751	0.540129831778007	85.0	0.99812968222788
P1	paresthesia_dysesthesia	95	COMPLETED	Placebo|AZD2423 150 mg|AZD2423 20 mg	2.0	0.386092260569618	0.824443941428058	85.0	0.99812968222788
P2	npsi_total	95	COMPLETED	Placebo|AZD2423 150 mg|AZD2423 20 mg	2.0	0.693785045539801	0.706881297819076	85.0	0.99812968222788
P2	average_pain_nrs	101	COMPLETED	Placebo|AZD2423 150 mg|AZD2423 20 mg	2.0	0.663951170187225	0.717504840454109	91.0	0.99812968222788
P2	worst_pain_nrs	101	COMPLETED	Placebo|AZD2423 150 mg|AZD2423 20 mg	2.0	1.09108754845313	0.579526566033872	91.0	0.99812968222788
P2	burning_superficial	95	COMPLETED	Placebo|AZD2423 150 mg|AZD2423 20 mg	2.0	0.700173127885284	0.704627091779484	85.0	0.99812968222788
P2	pressing_deep	95	COMPLETED	Placebo|AZD2423 150 mg|AZD2423 20 mg	2.0	1.17719031190193	0.555106575384435	85.0	0.99812968222788
P2	paroxysmal	95	COMPLETED	Placebo|AZD2423 150 mg|AZD2423 20 mg	2.0	0.0143636991080217	0.992843878299463	85.0	0.99812968222788
P2	evoked	95	COMPLETED	Placebo|AZD2423 150 mg|AZD2423 20 mg	2.0	0.327285726899415	0.849045192811477	85.0	0.99812968222788
P2	paresthesia_dysesthesia	95	COMPLETED	Placebo|AZD2423 150 mg|AZD2423 20 mg	2.0	0.53221460391962	0.766356891492685	85.0	0.99812968222788
P3	npsi_total	95	COMPLETED	Placebo|AZD2423 150 mg|AZD2423 20 mg	2.0	0.0665754738453898	0.967260203069952	85.0	0.99812968222788
P3	average_pain_nrs	101	COMPLETED	Placebo|AZD2423 150 mg|AZD2423 20 mg	2.0	0.325931639779016	0.849620228031569	91.0	0.99812968222788
P3	worst_pain_nrs	101	COMPLETED	Placebo|AZD2423 150 mg|AZD2423 20 mg	2.0	0.0864697390297003	0.957686432302471	91.0	0.99812968222788
P3	burning_superficial	95	COMPLETED	Placebo|AZD2423 150 mg|AZD2423 20 mg	2.0	0.293939144713801	0.863320245816995	85.0	0.99812968222788
P3	pressing_deep	95	COMPLETED	Placebo|AZD2423 150 mg|AZD2423 20 mg	2.0	1.47635755552584	0.477983637731921	85.0	0.99812968222788
P3	paroxysmal	95	COMPLETED	Placebo|AZD2423 150 mg|AZD2423 20 mg	2.0	1.99038152502029	0.36965292189847	85.0	0.99812968222788
P3	evoked	95	COMPLETED	Placebo|AZD2423 150 mg|AZD2423 20 mg	2.0	0.033124566116239	0.983574117478979	85.0	0.99812968222788
P3	paresthesia_dysesthesia	95	COMPLETED	Placebo|AZD2423 150 mg|AZD2423 20 mg	2.0	1.56262375399329	0.457805033294672	85.0	0.99812968222788
P4	npsi_total	95	COMPLETED	Placebo|AZD2423 150 mg|AZD2423 20 mg	2.0	1.49671945864293	0.473141997542821	85.0	0.99812968222788
P4	average_pain_nrs	101	COMPLETED	Placebo|AZD2423 150 mg|AZD2423 20 mg	2.0	1.85370208647213	0.395798101184771	91.0	0.99812968222788
P4	worst_pain_nrs	101	COMPLETED	Placebo|AZD2423 150 mg|AZD2423 20 mg	2.0	0.51907869493238	0.771406854491693	91.0	0.99812968222788
P4	burning_superficial	95	COMPLETED	Placebo|AZD2423 150 mg|AZD2423 20 mg	2.0	0.611853751878098	0.73644046900497	85.0	0.99812968222788
P4	pressing_deep	95	COMPLETED	Placebo|AZD2423 150 mg|AZD2423 20 mg	2.0	0.859576436286362	0.650646875336477	85.0	0.99812968222788
P4	paroxysmal	95	COMPLETED	Placebo|AZD2423 150 mg|AZD2423 20 mg	2.0	0.989202524090046	0.609814014818175	85.0	0.99812968222788
P4	evoked	95	COMPLETED	Placebo|AZD2423 150 mg|AZD2423 20 mg	2.0	2.3268248876508	0.312418250063587	85.0	0.99812968222788
P4	paresthesia_dysesthesia	95	COMPLETED	Placebo|AZD2423 150 mg|AZD2423 20 mg	2.0	0.559340997896508	0.756032814026011	85.0	0.99812968222788
P5	npsi_total	0	NE_LOW_ARM_N	Placebo|AZD2423 150 mg|AZD2423 20 mg	NA	NA	NA	NA	NA
P5	average_pain_nrs	0	NE_LOW_ARM_N	Placebo|AZD2423 150 mg|AZD2423 20 mg	NA	NA	NA	NA	NA
P5	worst_pain_nrs	0	NE_LOW_ARM_N	Placebo|AZD2423 150 mg|AZD2423 20 mg	NA	NA	NA	NA	NA
P5	burning_superficial	0	NE_LOW_ARM_N	Placebo|AZD2423 150 mg|AZD2423 20 mg	NA	NA	NA	NA	NA
P5	pressing_deep	0	NE_LOW_ARM_N	Placebo|AZD2423 150 mg|AZD2423 20 mg	NA	NA	NA	NA	NA
P5	paroxysmal	0	NE_LOW_ARM_N	Placebo|AZD2423 150 mg|AZD2423 20 mg	NA	NA	NA	NA	NA
P5	evoked	0	NE_LOW_ARM_N	Placebo|AZD2423 150 mg|AZD2423 20 mg	NA	NA	NA	NA	NA
P5	paresthesia_dysesthesia	0	NE_LOW_ARM_N	Placebo|AZD2423 150 mg|AZD2423 20 mg	NA	NA	NA	NA	NA
P6	npsi_total	95	COMPLETED	Placebo|AZD2423 150 mg|AZD2423 20 mg	2.0	0.24951199163637	0.88271226179247	85.0	0.99812968222788
P6	average_pain_nrs	101	COMPLETED	Placebo|AZD2423 150 mg|AZD2423 20 mg	2.0	0.255177567050864	0.880215263750709	91.0	0.99812968222788
P6	worst_pain_nrs	101	COMPLETED	Placebo|AZD2423 150 mg|AZD2423 20 mg	2.0	0.170274945203109	0.918386022807115	91.0	0.99812968222788
P6	burning_superficial	95	COMPLETED	Placebo|AZD2423 150 mg|AZD2423 20 mg	2.0	1.87511002566073	0.391584083935458	85.0	0.99812968222788
P6	pressing_deep	95	COMPLETED	Placebo|AZD2423 150 mg|AZD2423 20 mg	2.0	4.92908130877369	0.0850478997802604	85.0	0.99812968222788
P6	paroxysmal	95	COMPLETED	Placebo|AZD2423 150 mg|AZD2423 20 mg	2.0	1.40175395734779	0.496149999974196	85.0	0.99812968222788
P6	evoked	95	COMPLETED	Placebo|AZD2423 150 mg|AZD2423 20 mg	2.0	0.539797701624451	0.763456713457929	85.0	0.99812968222788
P6	paresthesia_dysesthesia	95	COMPLETED	Placebo|AZD2423 150 mg|AZD2423 20 mg	2.0	0.028796011672353	0.985705149778033	85.0	0.99812968222788
P7	npsi_total	95	COMPLETED	Placebo|AZD2423 150 mg|AZD2423 20 mg	2.0	0.674848316371318	0.713606093835111	85.0	0.99812968222788
P7	average_pain_nrs	101	COMPLETED	Placebo|AZD2423 150 mg|AZD2423 20 mg	2.0	0.6326363669175	0.72882751241147	91.0	0.99812968222788
P7	worst_pain_nrs	101	COMPLETED	Placebo|AZD2423 150 mg|AZD2423 20 mg	2.0	0.692730044228018	0.707254276531922	91.0	0.99812968222788
P7	burning_superficial	95	COMPLETED	Placebo|AZD2423 150 mg|AZD2423 20 mg	2.0	0.0537481349836331	0.973483827065441	85.0	0.99812968222788
P7	pressing_deep	95	COMPLETED	Placebo|AZD2423 150 mg|AZD2423 20 mg	2.0	0.389356169620784	0.823099583670484	85.0	0.99812968222788
P7	paroxysmal	95	COMPLETED	Placebo|AZD2423 150 mg|AZD2423 20 mg	2.0	4.50077262888958	0.105358515182763	85.0	0.99812968222788
P7	evoked	95	COMPLETED	Placebo|AZD2423 150 mg|AZD2423 20 mg	2.0	0.0746658448754744	0.963355359340612	85.0	0.99812968222788
P7	paresthesia_dysesthesia	95	COMPLETED	Placebo|AZD2423 150 mg|AZD2423 20 mg	2.0	3.86943186856774	0.144465300634482	85.0	0.99812968222788
P8	npsi_total	95	COMPLETED	Placebo|AZD2423 150 mg|AZD2423 20 mg	2.0	0.776367240635853	0.678287784410067	85.0	0.99812968222788
P8	average_pain_nrs	101	COMPLETED	Placebo|AZD2423 150 mg|AZD2423 20 mg	2.0	0.701596840666277	0.704125676970126	91.0	0.99812968222788
P8	worst_pain_nrs	101	COMPLETED	Placebo|AZD2423 150 mg|AZD2423 20 mg	2.0	1.18041059104435	0.55421349550574	91.0	0.99812968222788
P8	burning_superficial	95	COMPLETED	Placebo|AZD2423 150 mg|AZD2423 20 mg	2.0	0.735335081925934	0.692347320554222	85.0	0.99812968222788
P8	pressing_deep	95	COMPLETED	Placebo|AZD2423 150 mg|AZD2423 20 mg	2.0	1.09409755938656	0.578655031380598	85.0	0.99812968222788
P8	paroxysmal	95	COMPLETED	Placebo|AZD2423 150 mg|AZD2423 20 mg	2.0	0.0037441380006281	0.99812968222788	85.0	0.99812968222788
P8	evoked	95	COMPLETED	Placebo|AZD2423 150 mg|AZD2423 20 mg	2.0	0.427767407804368	0.807442281949255	85.0	0.99812968222788
P8	paresthesia_dysesthesia	95	COMPLETED	Placebo|AZD2423 150 mg|AZD2423 20 mg	2.0	0.546269538528229	0.760990222625483	85.0	0.99812968222788
P9	npsi_total	0	NE_LOW_ARM_N	Placebo|AZD2423 150 mg|AZD2423 20 mg	NA	NA	NA	NA	NA
P9	average_pain_nrs	0	NE_LOW_ARM_N	Placebo|AZD2423 150 mg|AZD2423 20 mg	NA	NA	NA	NA	NA
P9	worst_pain_nrs	0	NE_LOW_ARM_N	Placebo|AZD2423 150 mg|AZD2423 20 mg	NA	NA	NA	NA	NA
P9	burning_superficial	0	NE_LOW_ARM_N	Placebo|AZD2423 150 mg|AZD2423 20 mg	NA	NA	NA	NA	NA
P9	pressing_deep	0	NE_LOW_ARM_N	Placebo|AZD2423 150 mg|AZD2423 20 mg	NA	NA	NA	NA	NA
P9	paroxysmal	0	NE_LOW_ARM_N	Placebo|AZD2423 150 mg|AZD2423 20 mg	NA	NA	NA	NA	NA
P9	evoked	0	NE_LOW_ARM_N	Placebo|AZD2423 150 mg|AZD2423 20 mg	NA	NA	NA	NA	NA
P9	paresthesia_dysesthesia	0	NE_LOW_ARM_N	Placebo|AZD2423 150 mg|AZD2423 20 mg	NA	NA	NA	NA	NA
P10	npsi_total	95	COMPLETED	Placebo|AZD2423 150 mg|AZD2423 20 mg	2.0	2.21320455661586	0.33068061516118	85.0	0.99812968222788
P10	average_pain_nrs	101	COMPLETED	Placebo|AZD2423 150 mg|AZD2423 20 mg	2.0	2.23823384129866	0.326568052830914	91.0	0.99812968222788
P10	worst_pain_nrs	101	COMPLETED	Placebo|AZD2423 150 mg|AZD2423 20 mg	2.0	0.863652490541518	0.649322189685226	91.0	0.99812968222788
P10	burning_superficial	95	COMPLETED	Placebo|AZD2423 150 mg|AZD2423 20 mg	2.0	1.23158179347595	0.540213473234442	85.0	0.99812968222788
P10	pressing_deep	95	COMPLETED	Placebo|AZD2423 150 mg|AZD2423 20 mg	2.0	1.24390093573549	0.536896216847271	85.0	0.99812968222788
P10	paroxysmal	95	COMPLETED	Placebo|AZD2423 150 mg|AZD2423 20 mg	2.0	1.87331349250704	0.391935988858634	85.0	0.99812968222788
P10	evoked	95	COMPLETED	Placebo|AZD2423 150 mg|AZD2423 20 mg	2.0	2.54949774456882	0.279501149894035	85.0	0.99812968222788
P10	paresthesia_dysesthesia	95	COMPLETED	Placebo|AZD2423 150 mg|AZD2423 20 mg	2.0	0.656046286079845	0.720346348508089	85.0	0.99812968222788
